Distritos;X;Y
EL PRADO;-7.03804176283; -79.0033169689
NIEPOS;-6.9267153943; -79.1314315422
LA VICTORIA;-6.82375627951; -79.8611471889
SAÑ‘A;-6.88714215924; -79.6379965943
ANDAJES;-10.7776031546; -76.9271501653
NAVAN;-10.8571667568; -77.0466439971
ANTONIO RAYMONDI;-10.2032437486; -77.4998683094
LA PRIMAVERA;-10.3018661213; -77.1062888668
PACLLON;-10.2389241417; -77.0034119283
SAN MIGUEL DE CORPANQUI;-10.291529226; -77.2098536041
ACO;-8.50803281313; -77.8834851725
UÑON;-15.7570886661; -72.3831463038
HUANCA;-16.0064310514; -71.8279663222
ICHUPAMPA;-15.5861916615; -71.7053082813
MEJIA;-17.0357349357; -71.878635287
ALCA;-15.1674845618; -72.7118670538
CHARCANA;-15.2108698297; -73.0487833429
HUAYNACOTAS;-14.8749618619; -72.7614806463
PAMPAMARCA;-14.9895726042; -72.9302205529
PUYCA;-14.938960291; -72.5471817606
CALLALLI;-15.521168422; -71.2484257961
SANTA RITA DE SIGUAS;-16.522827373; -72.1441211402
TIABAYA;-16.46345039; -71.5989876399
UCHUMAYO;-16.4609305368; -71.6905392643
YARABAMBA;-16.6135207969; -71.5498749868
YURA;-16.1309425275; -71.6063453715
QUILCA;-16.7007721947; -72.3519148668
SAMUEL PASTOR;-16.6013389241; -72.6524477123
CERRO COLORADO;-16.3044668084; -71.5765987972
MOLLEBAYA;-16.504079477; -71.4738453938
SABANDIA;-16.4482624525; -71.4602312179
SAN JUAN DE SIGUAS;-16.4050588654; -72.1634222578
ALTO SELVA ALEGRE;-16.3309616337; -71.4858577147
JACOBO HUNTER;-16.4587024437; -71.5626129326
YANAHUARA;-16.394744811; -71.5504057829
SAN PEDRO DE CACHORA;-13.4888456903; -72.8140025603
HUANIPACA;-13.4760915864; -72.9752900614
TALAVERA;-13.6275050761; -73.4530283229
ANCO_HUALLO;-13.5442998268; -73.6692713985
BUENOS AIRES;-5.26448516576; -79.9250473328
LALAQUIZ;-5.17202312492; -79.6648825663
MORROPON;-5.15272124881; -79.9983924445
YAMANGO;-5.1565129803; -79.769535452
CHULUCANAS;-5.12169600848; -80.1944091858
CASTILLA;-5.13095183261; -80.5151818243
PAITA;-5.16720016712; -81.0554208192
SAPILLICA;-4.78361672168; -79.9892945308
QUERECOTILLO;-4.72609173479; -80.604267508
JILILI;-4.53182024478; -79.831694943
SICCHEZ;-4.573016962; -79.7775026481
EL ALTO;-4.29150873186; -81.0801505268
VEINTISEIS DE OCTUBRE;-5.16138475781; -80.6965420141
VILLA KINTIARINA;-12.9094027307; -73.4779305856
ROBLE;-12.2359226038; -74.4578173305
VIZCATAN DEL ENE;-12.2023402195; -74.186567944
PICHOS;-12.1815832042; -74.9332818956
PUCAYACU;-8.56475989458; -76.0647641906
LA MORADA;-8.88044017119; -76.3634448496
CHUNGUI;-13.2300068431; -73.5704051164
SANTIAGO DE TUCUMA;-12.3175709826; -74.8869536729
SANTO DOMINGO DE ANDA;-8.98489679417; -75.9829686237
HERMILIO VALDIZAN;-9.13939647663; -75.8754019548
SAN ANTONIO DE CHUCA;-15.8309182493; -71.0974879615
KELLUYO;-16.7216020294; -69.2480154437
DESAGUADERO;-16.6201516426; -69.080280321
COPANI;-16.3713327492; -69.0730606944
UNICACHI;-16.2246152065; -68.9654273344
OLLARAYA;-16.2359269856; -68.9969556439
HUAYRAPATA;-15.2760923938; -69.295634898
TIQUILLACA;-15.9236809584; -70.2714316331
ATUNCOLLA;-15.678457107; -70.1570530429
CABANA;-15.6428810396; -70.2798287142
COATA;-15.5615467828; -69.9237547185
CAPACHICA;-15.6404258384; -69.824473719
CONIMA;-15.4493046995; -69.4120435564
MOHO;-15.3508017986; -69.4476079779
ROSASPATA;-15.2095105228; -69.4874290289
HUANCANE;-15.1832084084; -69.8090212315
NICASIO;-15.2183559674; -70.2912183513
PALCA;-15.2993211336; -70.6093869941
VILAVILA;-15.1749602982; -70.6503483135
PEDRO VILCA APAZA;-15.0183872601; -69.9142547666
COJATA;-15.0081757839; -69.3931766575
LLALLI;-14.9874655926; -70.9270808758
TIRAPATA;-14.9223738796; -70.383779598
PUTINA;-14.7091689826; -69.8344865325
AZANGARO;-14.880957465; -70.1492220434
ASILLO;-14.7408064642; -70.3538221253
MACARI;-14.711421394; -70.9321805843
ANANEA;-14.6924864998; -69.5049866843
SAN ANTON;-14.5226211907; -70.2566966143
SAN JOSE;-14.6911550235; -70.1786618256
CUYOCUYO;-14.5238140748; -69.5576680055
SINA;-14.511449346; -69.240029523
YANAHUAYA;-14.3311418177; -69.1270554713
SAN JUAN DEL ORO;-14.1939651607; -69.1004550262
PHARA;-14.0678728626; -69.5850456844
MACUSANI;-14.056176607; -70.4701527827
CORANI;-13.9236343622; -70.7051543957
ITUATA;-13.829641524; -70.1160944731
SIBAYO;-15.3617648919; -71.5459516885
TISCO;-15.2126999111; -71.3922655803
HUAYLLAN;-8.88971699109; -77.4662786742
LLATA;-9.61397583259; -76.9032702213
CHAVIN DE PARIARCA;-9.43721151329; -76.7550439021
LUYANDO;-9.24065626312; -75.9532252684
SAN RAFAEL;-10.3289356316; -76.1263363825
RIO TAMBO;-11.5310047922; -73.8144352005
CARHUAMAYO;-10.9139336057; -76.0209879899
CATAC;-9.91121226279; -77.3170577443
HUAYLLAPAMPA;-10.057731768; -77.5146889874
MARCA;-10.0742219043; -77.4543415835
PARARIN;-10.1192145951; -77.6538170808
TAPACOCHA;-10.002753297; -77.5398865055
MANCOS;-9.19229939585; -77.6501348105
YANAMA;-9.02411579051; -77.4980546167
HUAYLAS;-8.88969265855; -77.894017856
PISCOBAMBA;-8.86212101355; -77.3532342195
FIDEL OLIVAS ESCUDERO;-8.78492107618; -77.2772026442
MUSGA;-8.89303282696; -77.3245637447
CABANA;-8.40387561892; -77.9593181029
COMANDANTE NOEL;-9.51012063808; -78.3552405508
CAJAY;-9.25703054376; -77.1314092793
CAJAMARQUILLA;-10.3209141046; -77.2400390326
CARHUAPAMPA;-10.5034721129; -77.2248288774
LLIPA;-10.379112496; -77.2144459086
SAN CRISTOBAL DE RAJAN;-10.4156641512; -77.2284331619
CHIMBOTE;-8.87759672674; -78.4011158452
ALFONSO UGARTE;-8.46775626173; -77.4435212671
PACCHO;-10.9658662782; -76.9718375706
SAYAN;-11.1458636307; -77.2338038419
VEGUETA;-10.9501922865; -77.6041162885
OYON;-10.66939884; -76.7577218794
PACHANGARA;-10.837864359; -76.7975538678
PATIVILCA;-10.6233603003; -77.6859584962
CAJAMARCA;-7.07747708863; -78.5611041364
SAN ANDRES DE CUTERVO;-6.224066509; -78.7422814594
SANTO DOMINGO DE LA CAPILLA;-6.25794975766; -78.8427228612
CORTEGANA;-6.4876969851; -78.2855215194
CHIGUIRIP;-6.4250805525; -78.7080371165
TOCMOCHE;-6.45683607426; -79.3759848363
CHIRINOS;-5.30755234438; -78.8824544595
LA COIPA;-5.38963562124; -78.9734843094
NAMBALLE;-5.10728307114; -79.180983437
BELLAVISTA;-5.5646739795; -78.7426261245
JAEN;-5.77018429266; -78.852553109
HUABAL;-5.60492696904; -78.9058564487
TORIBIO CASANOVA;-5.98798890737; -78.692424665
TUMBES;-3.55366064722; -80.4161727295
SAN JACINTO;-3.90593811565; -80.5109128934
ZORRITOS;-3.81638439307; -80.7043190415
AGUAS VERDES;-3.49151620454; -80.2424451452
PAPAYAL;-3.57206508895; -80.2887578092
HUASMIN;-6.82830310912; -78.3256281293
HUALGAYOC;-6.75273467315; -78.6002541397
MIGUEL IGLESIAS;-6.65103216318; -78.2653359849
LA LIBERTAD DE PALLAN;-6.70880308546; -78.2860853237
HUAMBOS;-6.44369579651; -78.9704036419
TACABAMBA;-6.39835087767; -78.5557095355
CHALAMARCA;-6.51761020088; -78.4952396402
TONGOD;-6.78816631091; -78.8335499813
CATACHE;-6.74935948216; -79.0769035273
CHANCAYBAÑOS;-6.55596131696; -78.8779382644
PULAN;-6.74656574241; -78.9211597453
SAUCEPAMPA;-6.68286029989; -78.9084687402
JESUS MARIA;-12.0780894556; -77.0482420569
LINCE;-12.0857698775; -77.0356913423
PUEBLO LIBRE;-12.0750804611; -77.0657891347
SAN JUAN DE LURIGANCHO;-11.9459474278; -76.9714642367
LA VICTORIA;-12.0723184628; -77.0173714881
MI PERU;-11.8543385226; -77.1205559213
CHUQUIBAMBA;-6.93489422614; -77.8950705087
PILLCO MARCA;-10.0403840107; -76.2812483543
RIPAN;-9.81053307867; -76.8436912232
SHUNQUI;-9.75051594502; -76.8097734319
CAHUAC;-9.86463188694; -76.6493218971
APARICIO POMARES;-9.71624268525; -76.5768698941
JACAS CHICO;-9.87516885426; -76.5090843395
CHORAS;-9.9118168783; -76.571825398
CHINCHAO;-9.61537286082; -76.1107589102
QUIVILLA;-9.57602463962; -76.6872730205
COLPAS;-10.2443982998; -76.4643578149
HUACAR;-10.1953034764; -76.2696043374
OBAS;-9.8269289773; -76.6813197556
JESUS;-10.218531594; -76.7555787765
JIVIA;-10.0354743777; -76.6563208997
PUERTO INCA;-9.28893344327; -74.9668405448
MARIANO DAMASO BERAUN;-9.39440038201; -76.0310356204
PINRA;-8.9144071483; -77.0007544269
JOSE CRESPO Y CASTILLO;-8.93244828065; -76.1778384641
PAMPA HERMOSA;-7.30260249309; -75.7697097135
ALTO BIAVO;-7.82211056329; -76.2741226192
COCHARCAS;-13.6115546129; -73.7478503052
ABANCAY;-13.6358417479; -72.8716118414
CCAPI;-13.8606811013; -72.019423991
HUANOQUITE;-13.6988093806; -72.079212895
OMACHA;-14.139709931; -71.7863405438
LIVITACA;-14.3338730467; -71.6463321565
URCOS;-13.6878742407; -71.5991388851
ANDAHUAYLILLAS;-13.6657692505; -71.700323991
ACOMAYO;-13.8931513123; -71.6724775444
RONDOCAN;-13.787630277; -71.7654018293
SANGARARA;-13.953936742; -71.5707662654
ACOS;-13.9392971423; -71.7302437007
PULLO;-15.3331747649; -73.9844927281
LAMPA;-15.1484683027; -73.4496746812
SANCOS;-15.1470872855; -74.1584136811
CORACORA;-14.8157595986; -73.6993401989
VEINTISIETE DE NOVIEMBRE;-11.1488559118; -76.7728174877
AYAVIRI;-12.3654601692; -76.0422952569
COCHAS;-12.2858369844; -76.1956994681
SAN JOAQUIN;-12.2458291618; -76.1055249298
TANTA;-12.1320399131; -75.9913298953
TOMAS;-12.1639275955; -75.7068291596
LA PERLA;-12.0702891545; -77.1161377264
PILCOMAYO;-12.0474746014; -75.2542689107
TRES DE DICIEMBRE;-12.1140157981; -75.2458530644
ANCON;-11.702568503; -77.0958901385
ATE;-12.0326633173; -76.8773255404
CHACLACAYO;-11.9916404851; -76.7669698029
VILLA MARIA DEL TRIUNFO;-12.1703036671; -76.9189970296
SAN BENITO;-7.50279410045; -78.9623270782
PAUCAS;-9.15101580774; -76.8846090786
PONTO;-9.3474512468; -76.9849010131
SAN PEDRO DE CHANA;-9.46657774172; -76.9823416603
UCO;-9.19112698938; -76.931541229
HUARMEY;-10.1738794151; -77.9186384659
MALVAS;-9.92103606297; -77.6647274401
HUASTA;-10.1139294307; -77.0315388981
AMASHCA;-9.22352581242; -77.6448838283
ANTA;-9.3610361697; -77.6324303027
COCHABAMBA;-9.46607073781; -77.8515620892
JANGAS;-9.44132971718; -77.6038385179
OLLEROS;-9.62185234504; -77.3716444899
PAMPAS GRANDE;-9.64574283192; -77.9103120862
PIRA;-9.52096317523; -77.6939772921
AIJA;-9.80042156319; -77.5676294715
LEONOR ORDOÑ‘EZ;-11.8691442691; -75.4313806973
MUQUI;-11.8384183661; -75.4376549432
HEROINAS TOLEDO;-11.8387402031; -75.2817782027
HUARIPAMPA;-11.8212780889; -75.4806023835
SAN LORENZO;-11.8386673948; -75.3785260388
YAUYOS;-11.7958385958; -75.514276477
SANTO DOMINGO DE ACOBAMBA;-11.8547698559; -74.6936127391
PANCAN;-11.7475124949; -75.4990280204
MARCO;-11.7604504538; -75.5677471602
COCHAS;-11.6200665351; -75.1413624455
MARISCAL CASTILLA;-11.5890550126; -75.1053399325
RICRAN;-11.5600321448; -75.4575212209
LLAYLLA;-11.4629467285; -74.6489923872
MONOBAMBA;-11.4085687682; -75.2310701721
PANGOA;-11.7916004031; -74.3665985431
PALCAMAYO;-11.270192423; -75.7778263808
SAN PEDRO DE CAJAS;-11.1234167312; -75.7857819665
SANTA BARBARA DE CARHUACAYAN;-11.1980488959; -76.364850958
SAUSA;-11.7926532567; -75.4832910947
SAN PEDRO DE CHUNAN;-11.7189232084; -75.4893059008
MALA;-12.6534750483; -76.6016686377
MATUCANA;-11.8161478008; -76.3794308044
CUENCA;-12.1565294654; -76.4569193084
HUANZA;-11.5611433933; -76.4436520139
CIENEGUILLA;-12.0765460299; -76.7774599698
LURIN;-12.2343483538; -76.8015572686
SANTA LUCIA;-14.9327983081; -74.545803543
UPAHUACHO;-14.8836475949; -73.5296471582
CORONEL CASTAÑ‘EDA;-14.7782792362; -73.164268546
LUCANAS;-14.4874502905; -74.3044063544
CARMEN SALCEDO;-14.46581922; -73.9817855372
CABANA;-14.3621379192; -74.0775044353
LARAMATE;-14.2499744492; -74.7662297625
SAN PEDRO DE PALCO;-14.2913077379; -74.4942605191
HUAC-HUAS;-14.1664029525; -74.9936623792
SANTIAGO DE PAUCARAY;-14.0874774228; -73.6533807659
SANCOS;-14.001017057; -74.559734805
CHALCOS;-13.8509548354; -73.7526061398
ACCOMARCA;-13.8062371172; -73.8674024708
BELEN;-13.8043146482; -73.7672577386
CARAPO;-13.8120596729; -74.3034382174
HUAMBALPA;-13.7443086601; -73.8879092505
HUAMANQUIQUIA;-13.7160784544; -74.275716392
HUANCAPI;-13.8046585839; -74.0898406713
CARHUANCA;-13.7394384911; -73.7820669171
SAURAMA;-13.7010217856; -73.7503468314
VILCAS HUAMAN;-13.655701443; -73.8963210615
ALCAMENCA;-13.6655360038; -74.2104506966
VILCANCHOS;-13.652381306; -74.6431840501
PARURO;-13.7266858821; -71.8557017954
VELILLE;-14.5490043269; -71.8491635586
CONDOROMA;-15.3007847633; -71.0740422031
PAMPAMARCA;-14.1418040619; -71.4465582306
HUARO;-13.7553194818; -71.6724000327
ESPINAR;-14.9253374921; -71.3528899122
COPORAQUE;-14.757195221; -71.6353792319
SANTIAGO DE QUIRAHUARA;-14.0553970467; -74.8922761195
CORDOVA;-14.0115592014; -75.1519738808
LARAMARCA;-13.9060115129; -75.0572738102
HUAYACUNDO ARMA;-13.5548801372; -75.311746851
NASCA;-14.8570348626; -75.0368859494
MARCONA;-15.1424220545; -75.0693434865
TIBILLO;-14.1503922339; -75.1609356056
LA TINGUIÑA;-14.010780416; -75.6733422537
PARCONA;-14.056866274; -75.700446869
SANTIAGO;-14.5107476858; -75.5152730479
ANDARAPA;-13.4972931614; -73.3885773313
ONGOY;-13.4153216029; -73.6506634241
LIMATAMBO;-13.4751052635; -72.4455264046
PUCYURA;-13.4846822136; -72.0936319919
HUANCARANI;-13.5109986811; -71.6311427738
CALCA;-13.268722216; -71.9577770747
HUAYLLABAMBA;-13.3418924969; -72.0498099885
POROY;-13.5019173342; -72.0423001471
SAYLLA;-13.5530041065; -71.8317561576
QUELLOUNO;-12.5071220355; -72.445070203
YANATILE;-12.7956971357; -72.1050860429
KIMBIRI;-12.6148820707; -73.6382239156
CHINCHAYPUJIO;-13.6129307698; -72.2715519904
CONCEPCION;-13.5421022252; -73.8804081439
CANGALLO;-13.5997351281; -74.1100726767
MARIA PARADO DE BELLIDO;-13.5680637691; -74.2756629009
PARAS;-13.4607689167; -74.7195767064
QUINUA;-13.0613914799; -74.1345373999
PACAYCASA;-13.0531883864; -74.2326894319
PAUCARTAMBO;-13.301373188; -71.4640607317
COYA;-13.402415678; -71.9153273265
MARCAPATA;-13.6397992652; -70.9126788078
SAN JUAN;-13.2721388336; -75.6885024889
CASTROVIRREYNA;-13.1536663424; -75.2913802344
HUACHOS;-13.2147113912; -75.483404487
HUAMATAMBO;-13.1089468571; -75.6825043542
SAN ANTONIO DE ANTAPARCO;-13.0655212383; -74.4306677957
JULCAMARCA;-13.012517299; -74.4309538479
HUAYLLAY GRANDE;-12.9235699923; -74.6710838969
POMACOCHA;-12.861571456; -74.5200152269
CALLANMARCA;-12.8785731439; -74.6245409363
HUANCAVELICA;-12.8628485416; -75.0086415045
YAULI;-12.8171787691; -74.8290157583
ASCENSION;-12.8284340584; -75.1866180115
PAUCARA;-12.7230618034; -74.7273884693
ROSARIO;-12.7423267243; -74.5999403277
ANDABAMBA;-12.6611878053; -74.6549277025
PALCA;-12.6695814123; -74.979137146
ACOBAMBILLA;-12.7040921879; -75.3712733076
HUANDO;-12.6272857517; -75.0136089481
NUEVO OCCORO;-12.7077473511; -75.1392432576
LARIA;-12.5532460318; -75.0802488315
IZCUCHACA;-12.4963449055; -75.0135551762
MOYA;-12.4637791677; -75.1317699926
HUAYLLAHUARA;-12.4014726904; -75.1829661304
PILCHACA;-12.4136140933; -75.0889915053
PAMPAS;-12.4513653722; -74.8516899757
AHUAYCHA;-12.4441552174; -74.9061588826
PAZOS;-12.2215692743; -75.0262527528
EL CARMEN;-12.7114298814; -74.4974078585
PAUCARBAMBA;-12.5691452616; -74.5261939091
SAN MIGUEL DE MAYOCC;-12.7878914468; -74.4100038501
SAN PEDRO DE CORIS;-12.6073440212; -74.4002347716
LOCROJA;-12.7173561993; -74.45471843
GROCIO PRADO;-13.3115867341; -76.1674329287
SAN JUAN DE YANAC;-13.224714009; -75.814320586
SAN PEDRO DE HUACARPANA;-13.0786168993; -75.7283693941
TAMBO DE MORA;-13.4603423724; -76.1834154467
PUCARA;-12.1801997636; -75.100514813
MITO;-11.9288009765; -75.3517500644
SAN JERONIMO DE TUNAN;-11.9374098094; -75.2863739745
QUILCAS;-11.8822453887; -75.1661565118
COLCA;-12.3142306098; -75.1912342313
VIQUES;-12.160532417; -75.2276761357
HUAYUCACHI;-12.1344100401; -75.2220665567
YANACANCHA;-12.2536887649; -75.4738053763
SAN JUAN DE ISCOS;-12.1193467845; -75.3015957129
CHILCA;-12.0790510528; -75.1831548191
SAN JOSE DE QUERO;-12.0762533674; -75.5726811876
HUAMANCACA CHICO;-12.0796255454; -75.2487673625
SANTO TOMAS;-6.56905877437; -77.8924768331
COCABAMBA;-6.62697256825; -78.0153739435
LA JALCA;-6.50359392358; -77.7843966061
PISUQUIA;-6.47474539407; -78.0862817855
SAN JUAN DE LOPECANCHA;-6.48274351511; -77.8917562468
MARIA;-6.49656478679; -77.9607965311
LONGAR;-6.35104432661; -77.5660897365
OMIA;-6.40540738523; -77.3544311786
OCUMAL;-6.345784379; -78.1639927721
INGUILPATA;-6.24810219648; -78.0285675775
MARISCAL BENAVIDES;-6.29166405892; -77.4851147873
CHACHAPOYAS;-6.24774300433; -77.8564880125
TRITA;-6.15646600272; -77.9811346338
OCALLI;-6.22180623098; -78.2168579927
MOLINOPAMPA;-6.21244106241; -77.6072531741
LAMUD;-6.11987991057; -77.9435589526
SAN CRISTOBAL;-6.08408133588; -77.963362232
GRANADA;-6.0999811889; -77.5765830025
CHILIQUIN;-6.0782076986; -77.7558658801
VICCO;-10.863968256; -76.233232789
NINACACA;-10.7920364838; -76.060196118
PAUCARTAMBO;-10.758892658; -75.7734270451
YANACANCHA;-10.6434323834; -76.1942775702
GOYLLARISQUIZGA;-10.4867472372; -76.4039621148
PALLANCHACRA;-10.4221567688; -76.2514612417
TAPUC;-10.4189600883; -76.4682456858
SHUNTE;-8.42326215469; -76.8767030774
PISCOYACU;-7.0141380268; -76.8341702703
BELLAVISTA;-6.99102390668; -76.6006081151
EDUARDO VILLANUEVA;-7.44124495679; -78.1433991817
TINTAY;-13.9034964698; -73.1344839141
SAN MIGUEL DE CHACCRAMPA;-13.9621482231; -73.6030130453
JUAN ESPINOZA MEDRANO;-14.5586108444; -72.9083883011
ANTABAMBA;-14.517996586; -72.7501193708
HUAQUIRCA;-14.3402711712; -72.7866883793
POCOHUANCA;-14.2240115801; -73.0876777877
OROPESA;-14.4359923511; -72.523126058
TURPAY;-14.2320039983; -72.6370454155
PACHACONAS;-14.2190058326; -72.9791216557
EL ORO;-14.1578089644; -73.0352162706
CAPAYA;-14.1155992304; -73.3538551995
TUMAY HUARACA;-13.9692352765; -73.4581996429
TAMBOBAMBA;-13.9170708427; -72.2129156785
SAN JUAN DE CHACÑA;-13.8849874641; -73.1938205884
GAMARRA;-13.8306652458; -72.5596704208
CIRCA;-13.9741942032; -72.8915213186
HUANCARAY;-13.7696234058; -73.5471996764
MATARA;-7.27201892003; -78.2594776062
SUCRE;-7.01875225518; -78.1713104097
CONTUMAZA;-7.33474923777; -78.73680482
YONAN;-7.2776219755; -79.1691386554
LA FLORIDA;-6.86887951212; -79.1488330551
UNION AGUA BLANCA;-7.11890834474; -79.0541973457
SARIN;-7.93982794211; -77.8800919802
SARTIMBAMBA;-7.61269735008; -77.7661508999
MOCHE;-8.15917615126; -79.0001114886
POROTO;-8.03527237777; -78.7540100772
CHOCOPE;-7.7905006552; -79.2265467078
MAGDALENA DE CAO;-7.85520577485; -79.2999163774
RAZURI;-7.68684259537; -79.3715533691
CHARAT;-7.80866035006; -78.4738252897
MACHE;-8.03421875915; -78.5338048967
CASCAS;-7.50150830184; -78.7639613663
MARMOT;-7.66252992227; -78.7015063143
SAYAPULLO;-7.56789970669; -78.4317253374
CACHICADAN;-8.01728182699; -78.0643559547
SANTA CRUZ DE CHUCA;-8.18829981293; -78.0956743263
LONYA GRANDE;-6.06347199659; -78.410673292
CHURUJA;-6.00779655217; -77.9303638743
JAZAN;-5.94537389736; -78.0234317792
JUMBILLA;-5.95174280364; -77.8256583611
CUISPES;-5.91114537432; -77.9147927248
LA PECA;-5.59197827258; -78.4454061605
EL CENEPA;-4.16853813289; -78.3358932899
ALTO TAPICHE;-6.81833930423; -74.1894361883
EMILIO SAN MARTIN;-6.20137531847; -74.4540463436
PUINAHUA;-5.64473068796; -74.8863706211
ALTO NANAY;-3.36163918327; -74.2855205293
SAN PABLO;-3.86675834937; -71.3389666823
REQUENA;-5.32824080721; -73.8823435092
TAPICHE;-5.99203134621; -73.9935424072
JENARO HERRERA;-4.99617085436; -73.6983477474
CAHUAPANAS;-5.24009777148; -76.8557284947
MORONA;-3.67912239604; -77.3734689045
PASTAZA;-4.27660777496; -76.6377392601
SAN ANTONIO;-6.39933913467; -76.3820897301
PUCACACA;-6.84023301605; -76.3630463055
SAN PABLO;-6.83887049661; -76.5865247964
SAUCE;-6.70275954762; -76.2046188508
SHAPAJA;-6.58829599542; -76.2132673936
SAN MARTIN;-6.42328605746; -76.8373409468
TARAPOTO;-6.49420754283; -76.369643648
RUMISAPA;-6.44375616636; -76.4725723596
CHIPURANA;-6.4340320883; -75.6668363246
PAPAPLAYA;-6.24280453781; -75.6382111716
RIOJA;-6.07868836867; -77.209895329
ELIAS SOPLIN VARGAS;-6.04638888252; -77.2972963254
NUEVA CAJAMARCA;-5.94435715193; -77.3722452408
POSIC;-5.98282040598; -77.1721679009
YANTALO;-5.96378246594; -77.0663736034
YURACYACU;-5.93538675612; -77.2327670863
AWAJUN;-5.8591884098; -77.4365073086
LANGA;-12.1592795127; -76.3756797191
LARAOS;-11.5851826178; -76.5317035478
SAN ANDRES DE TUPICOCHA;-11.9880608676; -76.4580386573
SAN ANTONIO;-11.8166491154; -76.7735595825
SAN DAMIAN;-11.9644709751; -76.3329899087
SAN JUAN DE TANTARANCHE;-11.9929248289; -76.1569898199
SAN LORENZO DE QUINTI;-12.1089447781; -76.1188549544
SAN PEDRO DE CASTA;-11.7650407967; -76.5551227246
SANTA CRUZ DE COCACHACRA;-11.925969792; -76.5607700617
SANTA EULALIA;-11.858350427; -76.6489914203
SURCO;-11.8771122585; -76.4453579441
ARAHUAY;-11.6407122447; -76.6751049057
LUNAHUANA;-13.0193333403; -76.1173823876
PACARAN;-12.897902258; -76.0704285024
ZUÑIGA;-12.8298665497; -76.0140629517
IHUARI;-11.1872834957; -76.9608768021
UTICYACU;-6.61470054695; -78.7905379609
TABACONAS;-5.32434378905; -79.2151249431
CAÑARIS;-6.06024181073; -79.3047235868
PATAPO;-6.70893120102; -79.5857542899
MANUEL ANTONIO MESONES MURO;-6.63533251328; -79.6828302245
CHOCHOPE;-6.15523249155; -79.6135902662
MORROPE;-6.50615032633; -80.1790002415
VICHAYAL;-4.83843400267; -81.1072997361
HUARMACA;-5.69470403619; -79.5612201453
CRISTO NOS VALGA;-5.53519054786; -80.6410278466
RINCONADA LLICUAR;-5.48207966755; -80.7743550375
BELLAVISTA DE LA UNION;-5.42651704889; -80.7428993328
SAN MIGUEL DE EL FAIQUE;-5.42463169998; -79.6050802361
SALITRAL;-5.43705456076; -79.8277046787
VICE;-5.43862319196; -80.8745439868
SAN JUAN DE BIGOTE;-5.29589195535; -79.741242592
SUBTANJALLA;-14.0481568646; -75.8932385785
TATE;-14.1515535913; -75.7032582482
YAUCA DEL ROSARIO;-14.1006818451; -75.4341522229
ICA;-14.2138564606; -75.9066563702
PARACAS;-14.0470631056; -76.1577528384
CARUMAS;-16.7284305799; -70.3714155556
CUCHUMBAYA;-16.7686536724; -70.6676286219
MATALAQUE;-16.5286762001; -70.8365561715
UBINAS;-16.2174614726; -70.8051568949
YUNGA;-16.2276085536; -70.6600162682
ILO;-17.7141282949; -71.2169898005
EL ALGARROBAL;-17.5830360757; -71.1415317996
PACOCHA;-17.4394508451; -71.3594362766
INCLAN;-17.6811648102; -70.4235652614
CORONEL GREGORIO ALBARRACIN LANCHIPA;-18.1076693532; -70.2409451603
CAIRANI;-17.18782902; -70.340823367
HUANUARA;-17.3085360239; -70.3304636173
TICACO;-17.3347529509; -69.9635994977
CALAMARCA;-8.12034236984; -78.3807799021
CARABAMBA;-8.14657722628; -78.5820152524
HUASO;-8.26159015644; -78.4405302161
PACASMAYO;-7.39980627264; -79.5478074004
TAYABAMBA;-8.31424759078; -77.2563529645
HUAYLILLAS;-8.19040476686; -77.2937068124
HUAYO;-8.03494391592; -77.5922415519
BAMBAMARCA;-7.46463607512; -77.688339767
UCHUMARCA;-7.02610065887; -77.8058860098
PARANDAY;-7.88841109994; -78.6989089943
SINSICAP;-7.75449188887; -78.779191973
LAREDO;-8.1052642529; -78.85509025
COCHORCO;-7.82158853462; -77.6960827397
URPAY;-8.32818184837; -77.3755566732
MARCABAL;-7.68491409966; -77.9416838945
PURUS;-10.3734950996; -71.5823157048
PADRE ABAD;-8.89860998311; -75.6259548211
CURIMANA;-8.41737993718; -75.297112896
YARINACOCHA;-8.24848101259; -74.6566903576
ICHOCAN;-7.40608244471; -78.0597912649
ENCAÑ‘ADA;-6.98522041196; -78.4029203885
OXAMARCA;-7.05929467094; -78.061343641
SOROCHUCO;-6.93421575382; -78.2971832825
CHORRILLOS;-12.1926462918; -77.0059862868
JAUJA;-11.7740854362; -75.491137534
DEAN VALDIVIA;-17.0980028517; -71.8294183428
CHIVAY;-15.6400945836; -71.5501476801
CAYLLOMA;-15.1516894374; -71.7966151105
SAYLA;-15.3249820755; -73.2453333076
CARAVELI;-15.8291785496; -73.3318178743
ATIQUIPA;-15.6892008654; -74.3036795322
CHALA;-15.7695009658; -74.1897429883
HUANUHUANU;-15.5557413578; -74.0628268095
ARENAL;-4.89957308015; -81.0300369215
POMATA;-16.3566601267; -69.2882221842
PICHACANI;-16.2398956117; -70.1584592928
PLATERIA;-15.9809689175; -69.8602637745
PUEBLO NUEVO;-14.124513803; -75.6758085427
LURICOCHA;-12.860810717; -74.2744318942
SANTA ROSA;-12.7646248054; -73.789299903
LLOCHEGUA;-12.4444380456; -74.0825440591
SAMUGARI;-12.8602985341; -73.7207426521
CCATCA;-13.6003781244; -71.5057630386
CUSCO;-13.4925399205; -71.9876227864
TAMBO;-13.5897163221; -75.1762618212
CURASCO;-14.1027799125; -72.5320377049
CURPAHUASI;-13.9688785608; -72.6498192775
HUAYLLATI;-13.9664909369; -72.4958242012
INDIANA;-3.8291591075; -72.8563333859
LAS AMAZONAS;-3.56836706822; -72.5289215555
NAPO;-2.09911988462; -74.4071350359
JEBEROS;-5.29686019893; -76.2049797637
TENIENTE CESAR LOPEZ ROJAS;-5.98771172807; -75.8220446506
PUNCHANA;-3.53867544252; -73.4544452975
SAN JUAN BAUTISTA;-4.14906484373; -73.6658988071
ANDOAS;-3.27440541605; -76.6724137761
LAS PIRIAS;-5.63634222274; -78.8495901597
QUILAHUANI;-17.3328756257; -70.2568195786
TARATA;-17.3770325; -69.7513555512
ESTIQUE-PAMPA;-17.6125213409; -70.1138482397
SITAJARA;-17.3945685597; -70.1533889881
SUSAPAYA;-17.2245656965; -70.0466772332
CHEPEN;-7.22852728867; -79.3538432032
PUEBLO NUEVO;-7.19224720736; -79.5862904099
TICAPAMPA;-9.73783260242; -77.3922846868
FLORENCIA DE MORA;-8.08242952685; -79.0214094749
PIMPINGOS;-6.07089704871; -78.768291558
HUANCARAMA;-13.6568631112; -73.0283086966
TAMBOPATA;-12.0485799229; -70.2845917498
FITZCARRALD;-11.8504040027; -71.6346626515
COASA;-13.6433682306; -69.8974819826
LIMBANI;-13.7784290483; -69.6074327792
SAN PEDRO DE PUTINA PUNCO;-13.5486344946; -69.1479904882
AYAPATA;-13.5010841914; -70.2435379716
SAN GABAN;-13.5240516446; -70.3948706258
COLONIA;-12.5842703315; -75.8459805486
SAN VICENTE DE CAÑETE;-13.1719373097; -76.2575670024
REQUE;-6.86348243662; -79.7941928799
CAYARANI;-15.0147132382; -72.2891387826
CHICHAS;-15.5345118479; -72.9457381239
RIO GRANDE;-15.8808797549; -73.1266316817
SANTA CATALINA DE MOSSA;-5.12578402901; -79.8756180388
CARACOTO;-15.5574656667; -70.0879014815
INCHUPALLA;-15.0008608796; -69.6446092148
SANTA ROSA;-6.45523417683; -77.4584164433
LEVANTO;-6.31429722169; -77.8645537628
SANTA ANA DE TUSI;-10.4788313272; -76.3232547042
CHONTABAMBA;-10.6233129068; -75.5063392448
PALCAZU;-10.2343589434; -75.2761411859
HUACHON;-10.5742522515; -75.7854876405
JOSE MARIA ARGUEDAS;-13.8092551152; -73.3239637109
QUIRUVILCA;-8.01473867198; -78.2511132174
HUAMANTANGA;-11.5503470618; -76.8438184378
SAN BUENAVENTURA;-11.4405029442; -76.6629385933
SANTA ROSA DE QUIVES;-11.6710382041; -76.8431480943
PARCOY;-7.99323972716; -77.5098471601
PIAS;-7.8936784684; -77.4874498136
SANTIAGO DE CHALLAS;-8.42706602853; -77.371474161
TAURIJA;-8.2794410507; -77.4331606857
YAMBRASBAMBA;-5.52432929313; -77.8605490277
YAMON;-6.01199768484; -78.523367636
ANDAGUA;-15.4850465709; -72.3768176137
CHOCO;-15.4141378291; -72.0687548294
SANTA MARIA DE HUACHIPA /1;-12.010572951; -76.9355515652
GUZMANGO;-7.36430408343; -78.9176893007
SAN LUIS;-7.15904792997; -78.873085214
LAGUNAS;-7.01442466301; -79.6713009573
MONSEFU;-6.86573035676; -79.8574845687
CAYALTI;-6.8887009402; -79.5066821013
BARRANCA;-10.714926002; -77.6826923059
HUAURA;-11.0035904276; -77.4452240991
COCHAMARCA;-10.8835561728; -77.1279202264
LLAMELLIN;-9.0818305656; -77.0073445799
PAMPAROMAS;-9.14324185258; -77.9570270578
CAJACAY;-10.1904460315; -77.3424818316
CANIS;-10.3344551606; -77.1909793789
TICLLOS;-10.2324768894; -77.2080341693
NUEVO CHIMBOTE;-9.10010562776; -78.43615622
YANAQUIHUA;-15.701962903; -73.0291096848
MACHAGUAY;-15.6011306598; -72.4717592378
ORCOPAMPA;-15.1160984551; -72.248495822
PAMPACOLCA;-15.6707755111; -72.6190589785
URACA;-16.261591273; -72.5255726457
LLUTA;-15.9676228603; -72.0184453813
MACA;-15.7313112059; -71.7972744667
MADRIGAL;-15.5413400202; -71.8574427537
PUNTA DE BOMBON;-17.1600366598; -71.5507232188
QUECHUALLA;-15.2898097695; -73.0704265629
TORO;-15.4047623396; -73.0161232476
VITOR;-16.489312119; -71.9878011172
CAMANA;-16.6309140479; -72.712879592
NICOLAS DE PIEROLA;-16.4794005426; -72.6340938124
CAYMA;-16.2526821559; -71.4569476457
POCSI;-16.4988870871; -71.3321758579
BELLA UNION;-15.3754193589; -74.761575882
AREQUIPA;-16.4066583008; -71.5384599628
JOSE LUIS BUSTAMANTE Y RIVERO;-16.4314916205; -71.5234728719
MIRAFLORES;-16.3564682595; -71.4712785484
SACHACA;-16.4211688162; -71.5762454264
MARIANO MELGAR;-16.3753846595; -71.4628775811
ANCHIHUAY;-12.9564943085; -73.7127241806
PUCACOLPA;-12.3394762243; -74.3830529603
ANDAYMARCA;-12.2985421141; -74.632737396
CURAHUASI;-13.6388531112; -72.618119497
OCOBAMBA;-13.5061170441; -73.519602034
PACOBAMBA;-13.5360409241; -73.1296954785
CHALACO;-5.06634599831; -79.7928096834
COLAN;-4.93063187194; -81.070948164
TAMARINDO;-4.83748470194; -80.9626269064
PAIMAS;-4.63696247634; -80.0053225078
MONTERO;-4.63834892157; -79.8466698559
LA BREA;-4.70385183458; -81.1081841876
LANCONES;-4.41997300876; -80.5027420299
LOS ORGANOS;-4.19472499401; -81.0642458366
BELLAVISTA;-4.88971907622; -80.6742778523
LA YARADA LOS PALOS;-18.200022024; -70.439070857
EL PORVENIR;-13.3977055072; -73.5550431331
ROCCHACC;-13.4555818751; -73.6173530838
SAN PABLO DE PILLAO;-9.70773582739; -75.9384503146
SANTA ROSA DE ALTO YANAJANCA;-8.78967676119; -76.5085787007
LA RAMADA;-6.23089865274; -78.5697005396
IÑ‘APARI;-10.9651985476; -70.6499133676
LOS CHANKAS;-13.390153205; -73.7913938414
SAN MIGUEL;-15.4062287245; -70.126418743
MOLLENDO;-16.8574696329; -71.8789015674
COCACHACRA;-16.9288442787; -71.5994381456
CHARACATO;-16.4577417634; -71.3828596752
SANTA ROSA;-16.8357920768; -69.8551974581
HUACULLANI;-16.6041509892; -69.3988758198
CONDURIRI;-16.5526539674; -69.6334709914
ZEPITA;-16.4945984479; -69.1779468898
CHUCUITO;-15.8909246186; -69.8785815126
CALAPUJA;-15.3110583268; -70.2364695987
ACHAYA;-15.2406972187; -70.177700049
CAMINACA;-15.3028251054; -70.0943279157
SANTA ROSA;-14.5743396861; -70.812019055
MAÑAZO;-15.8807948715; -70.4086170309
SANTA LUCIA;-15.6014592828; -70.7845536722
HUATA;-15.6216182916; -69.9977989401
PARATIA;-15.4675470466; -70.704755779
PUSI;-15.4409193841; -69.9896661145
VILQUE CHICO;-15.1380059271; -69.6095026766
CHUPA;-15.1062775949; -69.9519675384
SANTIAGO DE PUPUJA;-15.0834053039; -70.2503520108
PUCARA;-15.0794683273; -70.4505278241
SAN JUAN DE SALINAS;-15.0007969979; -70.1261890851
UMACHIRI;-14.8785770145; -70.7489853412
CUPI;-14.8900964628; -70.894259258
POTONI;-14.4164363286; -70.0921890471
ANTAUTA;-14.3546463527; -70.3841406313
CRUCERO;-14.3363833156; -69.9289143537
USICAYOS;-14.1407754622; -69.9383078577
TAPAY;-15.4268291382; -71.9360122562
PALLASCA;-8.26344854159; -78.0048510025
TAUCA;-8.44606921561; -78.0555682742
POMABAMBA;-8.79036938394; -77.506526265
JIRCAN;-9.21658783702; -76.6443863877
HUACRACHUCO;-8.60481772776; -77.1730563708
SAN BUENAVENTURA;-8.76878638235; -77.1480333293
HUASAHUASI;-11.1276234934; -75.625730678
CHANCHAMAYO;-11.0327769775; -75.3564454947
SAN JUAN DE RONTOY;-9.21843039554; -77.0417404197
CHACAS;-9.20558144115; -77.3975983531
ACOCHACA;-9.0972086181; -77.4057477414
SAN LUIS;-9.09716346082; -77.2909615375
SANTIAGO DE CHILCAS;-10.4401570339; -77.3586725964
LLACLLIN;-10.1080370429; -77.5874870379
PAMPAS CHICO;-10.0940830462; -77.3732343815
MATACOTO;-9.17748905047; -77.7589653745
QUILLO;-9.31686585435; -77.9490314419
RANRAHIRCA;-9.16010158857; -77.696672033
SHUPLUY;-9.34444504167; -77.7894985426
HUALLANCA;-8.78792491524; -77.917483655
HUATA;-9.03006908047; -77.8765824905
MATO;-8.95802825536; -77.8909653575
YAUYA;-9.00766532178; -77.2564353652
SANTA CRUZ;-8.90867113616; -77.7225718533
SANTO TORIBIO;-8.84639792088; -77.9524953582
ELEAZAR GUZMAN BARRON;-8.88606625771; -77.2203437719
LLUMPA;-8.96748087862; -77.4563733684
LUCMA;-8.9251518982; -77.4451790178
SAN MIGUEL DE ACO;-9.34392930975; -77.4330014266
SHILLA;-9.15442304448; -77.5647185946
TINCO;-9.25893942466; -77.6617969165
YUNGAR;-9.40408339387; -77.6309279603
ANRA;-9.2525110462; -76.9046714136
OCROS;-10.3806157817; -77.3644246601
ACAS;-10.5183039104; -77.3394575181
CONCHUCOS;-8.25811106235; -77.730644417
HUANDOVAL;-8.33456846525; -77.9455976995
LLAPO;-8.51561783077; -78.0302880083
SANTA;-8.99221168172; -78.6092543544
ACOBAMBA;-8.30020855434; -77.5607496401
HUAYLLABAMBA;-8.51213439454; -77.5300543845
RAGASH;-8.4547968178; -77.6960311883
SAN JUAN;-8.67163720616; -77.6204767713
SICSIBAMBA;-8.63053217839; -77.5292840102
AMBAR;-10.7823114482; -77.2677578441
GORGOR;-10.6216407015; -76.9919108709
ETEN PUERTO;-6.95042145952; -79.8469587491
SANTO TOMAS;-6.11808214887; -78.677110912
CHUMUCH;-6.57058099467; -78.1870583055
ANGUIA;-6.3379655014; -78.5758046282
COCHABAMBA;-6.48302789809; -78.852258717
CATILLUC;-6.80427802477; -78.7338456811
ANDABAMBA;-6.66400913929; -78.8097223663
HUARANGO;-5.09655267717; -78.7152958853
SAN JOSE DE LOURDES;-4.9160655277; -78.8318716783
SALLIQUE;-5.62569047241; -79.3124293881
POMAHUACA;-5.87540999205; -79.1950256453
COLASAY;-5.90106080464; -78.9794548085
CHOROS;-5.92462140992; -78.7734447675
LA CRUZ;-3.67174512185; -80.566401069
PAMPAS DE HOSPITAL;-3.85174908373; -80.3563580213
SAN JUAN DE LA VIRGEN;-3.65859091179; -80.3629188787
CASITAS;-4.03383469299; -80.6592750152
MATAPALO;-3.76762693916; -80.2285396051
SANTA CRUZ;-6.10633982742; -78.8414459472
CHOROPAMPA;-6.37006436027; -78.369042241
LLAMA;-6.53901769924; -79.1729058718
MIRACOSTA;-6.35782734707; -79.302636843
PACCHA;-6.53392707869; -78.3980786556
QUEROCOTO;-6.35221588311; -79.0929447328
SAN JUAN DE LICUPIS;-6.48436432649; -79.2455186799
LA ESPERANZA;-6.62091657124; -78.8593791755
LIMA;-12.0510554271; -77.0490377322
MIRAFLORES;-12.1207933935; -77.029088411
MAGDALENA DEL MAR;-12.094578172; -77.0670147948
SAN LUIS;-12.0741048546; -76.9972984501
SANTA ANITA;-12.0432355795; -76.9632530075
SURQUILLO;-12.113401365; -77.0129895952
BREÑA;-12.0591441086; -77.0506366491
SANTA ROSA;-11.8048866225; -77.1633216574
AMARILIS;-9.95024018022; -76.1882250577
YARUMAYO;-9.95581951073; -76.4401437409
QUISQUI (KICHKI);-9.86924038882; -76.4208060586
PACHAS;-9.69197519133; -76.8307409015
SAN MIGUEL DE CAURI;-10.2989322934; -76.6375886988
YANAS;-9.7146604233; -76.7315347228
MARGOS;-10.0632365433; -76.533190075
CONCHAMARCA;-10.0486841217; -76.2095943187
SAN FRANCISCO;-10.3323901146; -76.2873313638
TOMAY KICHWA;-10.0648743569; -76.179146461
LA UNION;-9.90789170784; -76.794695203
MOLINO;-9.99639121016; -76.0580774597
CHAVINILLO;-9.80806957777; -76.551288
MIRAFLORES;-9.44963078606; -76.8710373798
CODO DEL POZUZO;-9.63436383712; -75.466538627
CANCHABAMBA;-8.8474179221; -77.1077572219
COCHABAMBA;-9.09757428466; -76.6263911934
CHOLON;-8.65813363523; -76.7410476515
INAHUAYA;-7.04088986964; -75.2998309838
PACUCHA;-13.5981914718; -73.3092908354
COLQUEMARCA;-14.2377216725; -72.0146323972
LLUSCO;-14.4623482549; -72.2364913159
QUIÑOTA;-14.377230649; -72.20523904
KUNTURKANKI;-14.5523439571; -71.2911718037
LANGUI;-14.3853401139; -71.297401955
TUPAC AMARU;-14.1510113576; -71.5270523507
ACOPIA;-14.0470703961; -71.5064659199
MOSOC LLACTA;-14.1006161453; -71.4789411182
SANTO TOMAS;-14.6507969563; -72.2087068926
SARA SARA;-15.2600285673; -73.4594917988
SAN JOSE DE USHUA;-15.2235445028; -73.1961324499
PARARCA;-15.2057222973; -73.4523132494
SAN JAVIER DE ALPABAMBA;-15.0482095663; -73.294388259
MARCABAMBA;-15.0917259549; -73.3791588848
SAN SALVADOR DE QUIJE;-13.983270638; -73.7177638451
LAMPIAN;-11.2473324616; -76.8638324598
SAN MIGUEL DE ACOS;-11.2929704853; -76.7675034402
SANTA CRUZ DE ANDAMARCA;-11.1470187688; -76.565521864
AZANGARO;-13.0090798952; -75.8255631793
CARANIA;-12.3558660955; -75.8816401211
HUAMPARA;-12.3542954885; -76.1905988691
HUANCAYA;-12.0903650262; -75.8348001802
HUANTAN;-12.5130680574; -75.7040784211
LARAOS;-12.3844900747; -75.6761913065
MIRAFLORES;-12.2346418584; -75.8892158711
OMAS;-12.4763030587; -76.2507971969
QUINOCAY;-12.350638163; -76.2843173931
SAN PEDRO DE PILAS;-12.4929832418; -76.1860933548
VITIS;-12.1695386885; -75.8574205408
VENTANILLA;-11.8791549153; -77.1308743343
SAN SEBASTIAN;-13.5332168199; -71.9257622562
CARMEN DE LA LEGUA REYNOSO;-12.0428211724; -77.0904943627
CALLAO;-12.0165350529; -77.1216292343
BELLAVISTA;-12.0599997107; -77.1099461813
SUNAMPE;-13.4268898548; -76.1628427518
PUEBLO NUEVO;-13.2584552805; -76.0888847039
SAN JUAN DE MIRAFLORES;-12.1578203594; -76.9665238387
SANTIAGO DE SURCO;-12.1272261836; -76.9845188056
VILLA EL SALVADOR;-12.2191748891; -76.9454413141
EL AGUSTINO;-12.0401247629; -76.9875419285
LOS OLIVOS;-11.9725186497; -77.0743776898
BAMBAS;-8.60481091012; -78.0468558962
CUSCA;-8.52329393141; -77.788932889
LA PAMPA;-8.67811811655; -77.8929930522
YANAC;-8.62509127261; -77.8471517063
CHETILLA;-7.14250504659; -78.6540285153
COSPAN;-7.45302907943; -78.5168652403
HUANTAR;-9.46782596002; -77.236165398
MASIN;-9.33162017893; -77.0925373699
RAHUAPAMPA;-9.35563066576; -77.0627108313
SAN MARCOS;-9.62815176877; -77.0918966411
COCHAPETI;-9.98584840704; -77.6922724761
PUEBLO LIBRE;-9.14870738569; -77.8187221299
CHINGAS;-9.13932843531; -77.0074396115
AQUIA;-9.96578785047; -77.1309659823
HUALLANCA;-9.9171830208; -76.9438141392
ACOPAMPA;-9.29003360601; -77.6100098164
LA LIBERTAD;-9.6367724866; -77.7178843311
CORIS;-9.80759299596; -77.7961470719
HUACLLAN;-9.78608420493; -77.6787442097
CHUPACA;-12.0709235313; -75.2860683614
HUACHAC;-12.0355891727; -75.3426526418
QUICHUAY;-11.8456037368; -75.2486676757
PARCO;-11.8206164063; -75.5406016524
CANCHAYLLO;-11.9149666048; -75.8000061399
JANJAILLO;-11.7656306034; -75.6187190606
MASMA CHICCHE;-11.7749638823; -75.3646619659
CURICACA;-11.7684415021; -75.6691602404
CHACAPALPA;-11.7246231849; -75.8212406971
YAULI;-11.7096217454; -76.0981386542
SANTA ROSA DE SACCO;-11.5576036474; -75.9864540803
TARMA;-11.4555534773; -75.758776679
PACCHA;-11.4401201002; -75.9922732878
LA UNION;-11.3609886074; -75.8226319944
ACOBAMBA;-11.3491345086; -75.6568310225
PALCA;-11.3171399905; -75.5051625897
SATIPO;-11.1795996637; -74.611853339
RIO NEGRO;-11.1031720179; -74.6909678113
VITOC;-11.2650184159; -75.2366029511
SAN RAMON;-11.1568008228; -75.4050893627
ONDORES;-11.0914165725; -76.1819948036
QUILMANA;-12.8695687545; -76.3452769096
HUARAL;-11.3870831352; -77.1711049835
CHANCAY;-11.501130715; -77.2918328739
SUMBILCA;-11.3943983984; -76.8554252626
ANTIOQUIA;-12.0615574025; -76.589121791
CALLAHUANCA;-11.8137060577; -76.5753035274
HUAROCHIRI;-12.0694576324; -76.2725738345
CARABAYLLO;-11.8074226462; -76.9729546072
PUCUSANA;-12.4662357218; -76.7759877776
PUNTA NEGRA;-12.3036242455; -76.7094313776
CANARIA;-13.9615496205; -73.9945561312
PACAPAUSA;-14.9519808848; -73.3630283386
SAISA;-14.9558839082; -74.3744848785
SAN CRISTOBAL;-14.7917832364; -74.254357644
SAN JUAN;-14.6539917726; -74.1864031541
OTOCA;-14.4921394958; -74.6602107444
LLAUTA;-14.2497892187; -74.9405470271
SAN PEDRO DE LARCAY;-14.2835028608; -73.5895828157
HUACAÑ‘A;-14.2141283396; -73.8646680262
MORCOLLA;-14.1547591268; -73.8344594533
QUEROBAMBA;-13.9948166143; -73.804827865
PAICO;-14.0125910434; -73.6665905779
CHILCAYOC;-13.8912379676; -73.7217603566
INDEPENDENCIA;-13.8756565848; -73.8584707804
CAYARA;-13.7928460499; -73.9886787459
SARHUA;-13.6902848666; -74.4098400632
PILLPINTO;-13.9748258577; -71.7691440842
YAURISQUE;-13.6509176458; -71.9125903925
ACCHA;-13.9884937172; -71.8626466711
YANAOCA;-14.2737793738; -71.4420438333
CUSIPATA;-13.8859747611; -71.4379171502
SAN PABLO;-14.1517620704; -71.087604398
TINTA;-14.1587409775; -71.3922980184
OCORURO;-15.0878973485; -71.1389930982
SAN ISIDRO;-13.9735591222; -75.2344348193
OCOYO;-14.0232933757; -75.0348077061
QUERCO;-13.882865539; -74.8827239923
AYAVI;-13.7145860636; -75.3682604817
RIO GRANDE;-14.3457037371; -75.1475705597
PISCO;-13.7018097277; -76.1917790605
SANTA CRUZ;-14.4711962407; -75.2576989782
PACHACUTEC;-14.1604108084; -75.6516622533
ACOCRO;-13.3042985317; -74.0209562776
TAMBILLO;-13.1902248005; -74.142170345
SANTIAGO DE PISCHA;-13.0747163693; -74.364178507
HUAROCONDO;-13.3696552996; -72.2767056791
ANTA;-13.4879086703; -72.1599767397
LAMAY;-13.3220609245; -71.8810882399
MARAS;-13.3370025499; -72.1621854947
SAN JERONIMO;-13.5573960092; -71.8674559007
CHALLABAMBA;-13.1392818148; -71.7693107288
PICHARI;-12.3681386005; -73.8103484583
SANTA ANA;-12.8768105494; -72.7433729532
MEGANTONI;-11.7511334034; -72.858915351
HUAYOPATA;-13.0509532201; -72.4732855991
OCOBAMBA;-12.916321271; -72.362044284
VILCABAMBA;-13.0535423557; -73.0511947147
MACHUPICCHU;-13.2014713868; -72.5001589221
KOSÑIPATA;-13.0450546371; -71.4635166227
URUBAMBA;-13.2449435867; -72.1312676042
ANCAHUASI;-13.4616253687; -72.3222296759
CACHIMAYO;-13.4635010934; -72.0553873294
VINCHOS;-13.3062983049; -74.4564372217
ORONCCOY;-13.3463272252; -73.3926094654
CHILCAS;-13.1686100137; -73.8660393351
AYACUCHO;-13.134562378; -74.2520881574
JESUS NAZARENO;-13.1218897938; -74.2085638793
SAN JOSE DE TICLLAS;-13.1251121764; -74.3264205788
ANCO;-13.0647122283; -73.6433485363
HUAMANGUILLA;-12.9926547187; -74.1589467033
IGUAIN;-12.983082879; -74.2182349367
COLQUEPATA;-13.4030346434; -71.654226929
SAN SALVADOR;-13.4882146459; -71.7742028753
OCONGATE;-13.6876748514; -71.2689613221
OROPESA;-13.5740903513; -71.7886511967
TICRAPO;-13.4180643638; -75.409743609
MOLLEPAMPA;-13.291887538; -75.4319934317
ARMA;-13.1104847726; -75.511148576
TANTARA;-13.1265594929; -75.6213614214
AURAHUA;-12.9566718213; -75.4427953379
SANTA ANA;-13.0881631737; -75.1311804883
LIRCAY;-13.1037323336; -74.7375465522
CCOCHACCASA;-12.935057365; -74.8051840049
ANCHONGA;-12.8873240277; -74.7060385923
CAJA;-12.8728792329; -74.4734204925
HUANCA-HUANCA;-12.9647997631; -74.6264649322
CHINCHO;-12.9847678686; -74.3431904481
ANTA;-12.8172812598; -74.6638479232
ÑAHUIMPUQUIO;-12.3291868348; -75.0911053715
QUISHUAR;-12.2497805205; -74.7672026348
SALCABAMBA;-12.1949066312; -74.7832200387
SALCAHUASI;-12.1065071564; -74.7514406559
CHURCAMPA;-12.7104979424; -74.3848767648
QUICHUAS;-12.4678263166; -74.7273932827
ANCO;-12.6435331618; -74.5630534706
HUANCANO;-13.5551913516; -75.6159107063
HUANCAN;-12.1105172146; -75.204098057
HUANCAYO;-11.9933232138; -75.0712799669
CONCEPCION;-11.91246164; -75.3135151628
INGENIO;-11.8537364374; -75.2229562717
NUEVE DE JULIO;-11.8898986971; -75.3146271739
SICAYA;-12.019057661; -75.2875089972
HUALHUAS;-11.9679755353; -75.2441203769
ACO;-11.9553365487; -75.397079679
HUASICANCHA;-12.3712238114; -75.2860890211
CHONGOS ALTO;-12.4856577947; -75.4372524394
CULLHUAS;-12.2517931022; -75.1547028589
HUACRAPUQUIO;-12.1866998598; -75.2093509224
CHUPURO;-12.2098289461; -75.2411322773
COISHCO;-9.02758249842; -78.6184519092
CUMBA;-5.91672489962; -78.6077074477
NIEVA;-4.84542432042; -77.9303731793
BALSAS;-6.80772633582; -77.9491658524
LEIMEBAMBA;-6.80889724453; -77.7987070278
MARISCAL CASTILLA;-6.57890315088; -77.7700023078
MONTEVIDEO;-6.62810622185; -77.7183779094
LIMABAMBA;-6.55307936263; -77.5760311618
HUAMBO;-6.43557136262; -77.5305643458
MAGDALENA;-6.42056600716; -77.8238173597
LONGUITA;-6.40730433007; -78.0048091035
SAN NICOLAS;-6.37280613919; -77.4389577729
TOTORA;-6.49135071133; -77.4671568143
COLCAMAR;-6.31003152114; -78.0106389441
PROVIDENCIA;-6.30757148488; -78.2918478772
SOLOCO;-6.30911425136; -77.746353803
CHETO;-6.29796969244; -77.6771663575
SONCHE;-6.17597398124; -77.7964045295
HUANCAS;-6.15614501127; -77.8749791774
CONILA;-6.12653479808; -78.1911941394
QUINJALCA;-6.10816094252; -77.6854906461
VALERA;-6.08063389808; -77.869171342
CHAUPIMARCA;-10.7011694919; -76.2465887272
SAN FRANCISCO DE ASIS DE YARUSYACAN;-10.5527119905; -76.2283152144
CHACAYAN;-10.4795738934; -76.3925463813
PAUCAR;-10.3408711164; -76.4172799738
UCHIZA;-8.35837550385; -76.3977378217
TOCACHE;-8.27741636246; -76.5462363132
CAMPANILLA;-7.65207120999; -76.80913945
HUALLAGA;-7.29432859863; -76.5686720517
TINGO DE SAPOSOA;-7.06444665135; -76.6565084575
SAN RAFAEL;-7.02649385047; -76.4956693111
EL ESLABON;-6.99155537959; -76.7058137942
SAN CRISTOBAL;-6.97850920087; -76.4288522797
JOSE SABOGAL;-7.22679216013; -77.9681835688
JESUS;-7.2983095532; -78.3666469179
HUAYANA;-13.9895901153; -73.5509681907
CARAYBAMBA;-14.419368169; -73.0945034802
SABAINO;-14.3229723228; -72.9801581216
VIRUNDO;-14.2910555229; -72.6773356408
CHALHUANCA;-14.2942553193; -73.2292836062
YANACA;-14.2313252575; -73.1598036025
SAN ANTONIO;-14.1756497892; -72.6062424649
PATAYPAMPA;-14.2260594684; -72.7577387514
SAÑ‘AYCA;-14.3325663438; -73.3582653313
SANTA ROSA;-14.1259572465; -72.6604436773
PAMPACHIRI;-14.2960428416; -73.4785255169
CHUQUIBAMBILLA;-14.1173718409; -72.7746262911
VILCABAMBA;-14.0786462597; -72.6362339363
MICAELA BASTIDAS;-14.139931374; -72.5746997389
POMACOCHA;-14.0962804988; -73.4920982347
HUAYLLO;-14.0979375293; -73.2440329586
CHACOCHE;-13.9974263879; -72.9912887467
PICHIRHUA;-13.7847877077; -73.0317318137
JORGE CHAVEZ;-6.93951615063; -78.0694932067
CHILETE;-7.2563429841; -78.821664375
SANTA CRUZ DE TOLED;-7.32766242051; -78.863398427
TANTARICA;-7.27531159475; -78.949852016
BOLIVAR;-6.9759116547; -79.1624872618
LLAPA;-6.89137200603; -78.7487037679
NANCHOC;-7.00851773358; -79.2477747919
SAN PABLO;-7.08601213214; -78.7857843502
TUMBADEN;-6.98753855794; -78.6762048112
TRUJILLO;-8.11258569079; -79.0238590889
HUANCHACO;-8.00104630326; -79.0585452981
SALAVERRY;-8.25359293406; -78.8994037776
SIMBAL;-7.9183695748; -78.8270851334
ASCOPE;-7.66089880461; -79.0820681884
CHICAMA;-7.80497700664; -79.0082235365
PAIJAN;-7.72873706327; -79.3021664675
OTUZCO;-7.84872760724; -78.582110437
HUARANCHAL;-7.69045452769; -78.4517382508
VIRU;-8.35330369503; -78.7352552612
MOLLEBAMBA;-8.12796551154; -77.9808114883
SANTA CATALINA;-6.05696468023; -78.0935157786
VISTA ALEGRE;-6.20719940523; -77.3342252094
SAN JERONIMO;-6.00459367434; -78.0458068791
SAN CARLOS;-5.99638868782; -77.8790594036
ASUNCION;-5.99613253802; -77.7432040507
SHIPASBAMBA;-5.88374674985; -78.052089155
FLORIDA;-5.82360433687; -77.9592017998
COROSHA;-5.81751877399; -77.8107241958
EL MILAGRO;-5.71731096228; -78.6112459364
EL PARCO;-5.62263826358; -78.4739696775
ARAMANGO;-5.38043114766; -78.4483373822
MAQUIA;-6.38533315492; -74.7295113102
SOPLIN;-6.32702643751; -73.7507104043
IQUITOS;-3.78227309811; -73.4326314367
FERNANDO LORES;-4.27912451494; -73.1148146434
URARINAS;-4.27492211676; -75.4846662463
RAMON CASTILLA;-3.6774966753; -70.8361347615
PEBAS;-3.4327117783; -71.9646746097
YAVARI;-4.47746309401; -72.0331143036
YAQUERANA;-5.75171282541; -73.344436466
VARGAS GUERRA;-6.93193005102; -75.0943127098
MANSERICHE;-4.7275964226; -77.5185118696
HUICUNGO;-7.25928174968; -77.3215754538
PACHIZA;-6.96930293716; -77.0432954389
SAPOSOA;-6.88883849625; -76.8737539605
HABANA;-6.08890186407; -77.1000937024
PILLUANA;-6.78342256111; -76.2689700507
TRES UNIDOS;-6.81743258632; -76.1286175266
SAN JOSE DE SISA;-6.61165135243; -76.7202348532
JUAN GUERRA;-6.62125836355; -76.3506792743
LA BANDA DE SHILCAYO;-6.47725901212; -76.2722677194
MORALES;-6.50804787426; -76.4169957393
LAMAS;-6.39906025283; -76.5260419804
SHANAO;-6.40813284213; -76.5778508165
TABALOSOS;-6.38865034392; -76.6552378213
ALONSO DE ALVARADO;-6.31131377602; -76.7729484432
SORITOR;-6.27274273165; -77.0541424984
PINTO RECODO;-6.15775119087; -76.712942475
SAN ROQUE DE CUMBAZA;-6.20374626467; -76.538562369
MOYOBAMBA;-5.76832541083; -77.1699048002
PARDO MIGUEL;-5.74870712093; -77.6341466575
CALLAYUC;-6.12741096746; -78.9309468464
MARIATANA;-12.2616369343; -76.3653202996
SAN BARTOLOME;-11.9140806003; -76.5014098037
SAN JUAN DE IRIS;-11.718968603; -76.4690906614
SAN MATEO;-11.8197846868; -76.2189828479
SAN PEDRO DE HUANCAYRE;-12.0867091501; -76.1966380546
SANTIAGO DE TUNA;-11.9780616838; -76.5284597245
HONGOS;-12.7664935936; -75.6728381105
TUPE;-12.6902905293; -75.7360981401
VIÑAC;-12.8875592348; -75.7704274289
ATAVILLOS BAJO;-11.3464536297; -76.7610537145
SEXI;-6.58558501491; -79.0363568143
JOSE LEONARDO ORTIZ;-6.73982967053; -79.8425872766
INCAHUASI;-6.23120472577; -79.3871260586
PICSI;-6.71639249456; -79.7725775674
PIMENTEL;-6.79943333042; -79.9035375985
POMALCA;-6.7817538872; -79.7590375825
PUCALA;-6.79462920259; -79.5137262547
FERREÑAFE;-6.62050180317; -79.7911632795
PUEBLO NUEVO;-6.62989787975; -79.8244314908
LAMBAYEQUE;-6.67395784729; -79.9328976163
MOCHUMI;-6.5628193315; -79.8875151121
SAN JOSE;-6.76605963038; -79.9369149137
TUCUME;-6.50330862013; -79.8762753274
CHUGUR;-6.68551917642; -78.7076814974
SALITRAL;-4.83829981961; -80.6832530866
SECHURA;-5.91946876249; -80.6604774584
LA ARENA;-5.30899082575; -80.7625713371
HUMAY;-13.7440844282; -75.8179854907
INDEPENDENCIA;-13.6468601048; -76.0129967547
ILABAYA;-17.3837602711; -70.5709798071
ITE;-17.8035161755; -70.9329951453
MOQUEGUA;-17.2292211754; -71.0612372747
SAMEGUA;-17.1566784516; -70.8526004078
SAN CRISTOBAL;-16.6633973295; -70.6446532952
TORATA;-16.9981190442; -70.7383213374
OMATE;-16.6466473274; -70.9629954573
CHOJATA;-16.4570196196; -70.5712518191
ICHUÑ‘A;-16.1882307942; -70.4947181066
SAMA;-17.9570154522; -70.6676980665
CANDARAVE;-17.0419322251; -70.2478566082
CURIBAYA;-17.3941320557; -70.333878019
ALTO DE LA ALIANZA;-17.8333560868; -70.278895919
JEQUETEPEQUE;-7.35019744094; -79.5470908418
SAN JOSE;-7.36981082284; -79.3856709871
BULDIBUYO;-8.12440738373; -77.3827555524
CHILLIA;-8.16083270321; -77.520896839
HUANCASPATA;-8.43914776739; -77.2681947173
CASA GRANDE;-7.57668497424; -79.1949417302
CONDORMARCA;-7.5615634866; -77.5975524238
LONGOTEA;-7.05649072848; -77.9101186427
UCUNCHA;-7.15323377282; -77.8505971104
SALPO;-8.03289551674; -78.6362747403
SAN PEDRO DE LLOC;-7.48357163078; -79.4048785917
CHAO;-8.5598939499; -78.5064136854
HUAMACHUCO;-7.82673345932; -78.0460792301
SANTIAGO DE CHUCO;-8.34914027599; -78.2446123387
RAYMONDI;-10.5861738861; -73.4365950838
TAHUANIA;-9.97143690744; -73.8269401957
IPARIA;-9.44298791367; -74.1372239891
ALEXANDER VON HUMBOLDT;-8.82493349566; -75.0479831451
IRAZOLA;-8.95050762848; -75.2799078205
MASISEA;-8.9559122942; -73.6865428213
NESHUYA;-8.6413014233; -75.0490320513
MANANTAY;-8.53843086463; -74.5091638823
CALLERIA;-7.9650521055; -74.1601912672
PEDRO GALVEZ;-7.32915847054; -78.1712484047
JOSE GALVEZ;-6.91989554313; -78.1587747201
MARISCAL CACERES;-12.5479207965; -74.9353060404
HUAYLLACAYAN;-10.2469428869; -77.4107731566
VIRACO;-15.6163735273; -72.5669024362
CABANACONDE;-15.6746396599; -71.9594109174
ATICO;-16.0530327788; -73.5382776399
CAHUACHO;-15.5406472544; -73.4317580367
CHAPARRA;-15.824856479; -73.9451650806
POLOBAYA;-16.6419870027; -71.3574226988
MIGUEL CHECA;-5.04853532606; -80.7884238509
SULLANA;-4.82550387478; -80.5461528069
LA HUACA;-5.06546281377; -80.9131599039
CUTURAPI;-16.2930857115; -69.1805682336
PILCUYO;-16.0958288275; -69.5086229084
SAN ANTONIO;-16.08027615; -70.3023604225
ILAVE;-16.2402084124; -69.6780856122
ALTO PICHIGUA;-14.7379204786; -71.2226636837
SALAS;-13.9217602249; -75.875777144
SAN JOSE DE LOS MOLINOS;-13.8820628417; -75.6124134639
ZURITE;-13.4657228107; -72.2466193703
CAICAY;-13.5643066449; -71.6764485333
HUANTA;-12.912033641; -74.2114537189
AYAHUANCO;-12.5314939118; -74.3053631401
SIVIA;-12.603824201; -73.9964474994
LUIS CARRANZA;-13.2393806683; -73.8910041281
TINTAY PUNCU;-12.1771180917; -74.5039738402
HUACHOCOLPA;-12.0566576972; -74.5458128707
ACOSTAMBO;-12.4126821799; -75.0117600365
HUAYTARA;-13.6535442795; -75.3927504042
QUITO-ARMA;-13.5386390085; -75.4060134827
PILPICHACA;-13.409545632; -74.9462022248
TORAYA;-14.0246553019; -73.3137272468
MAZAN;-2.99371921116; -73.7521533435
BALSAPUERTO;-5.73762657304; -76.586618181
PARINARI;-5.03894572276; -74.8635630456
TROMPETEROS;-3.19632349973; -75.8368781523
PUTUMAYO;-2.46882935763; -72.7839101588
TORRES CAUSANA;-1.38887984302; -74.8928947375
BELEN;-3.81159848866; -73.211977827
TENIENTE MANUEL CLAVERO;-0.655314747835; -74.7316149785
YURIMAGUAS;-5.845879927; -76.1615819603
SAN FELIPE;-5.78648012141; -79.3102148403
ESTIQUE;-17.6237011036; -70.0251115519
RECUAY;-9.70646496248; -77.4474301891
MORO;-9.16329120058; -78.1239712816
SAN FRANCISCO DE CAYRAN;-9.99675481003; -76.3305286118
KISHUARA;-13.6652521854; -73.1624793539
CCORCA;-13.5895653192; -72.0871067901
CHIQUIAN;-10.1781712648; -77.1792370892
MOLINOS;-11.5942167079; -75.3392730069
COMAS;-11.6654986427; -75.0489858216
POMACANCHA;-11.632890512; -75.6891760158
LABERINTO;-12.5133219675; -69.923348609
LAS PIEDRAS;-12.003689757; -69.5393094694
TAHUAMANU;-11.6796308722; -69.5319944305
IBERIA;-11.435093654; -69.6792725153
CHILCA;-12.4298170936; -76.6299425206
SAN FRANCISCO DE SANGAYAICO;-13.7819471763; -75.2807748592
NUEVA ARICA;-6.93129391761; -79.370808932
TUTI;-15.4830667533; -71.5976135152
MAJES;-16.352850816; -72.2963698702
CHUQUIBAMBA;-16.0433802066; -72.7208598976
ANDARAY;-15.8525307766; -72.8439524754
SALAMANCA;-15.4061671339; -72.6974434801
TIPAN;-15.7507677635; -72.4996836259
EL CARMEN DE LA FRONTERA;-5.02407797752; -79.3657181949
HUATASANI;-15.0189301739; -69.7996162366
JOSE DOMINGO CHOQUEHUANCA;-15.0299953413; -70.3227287983
LOS MOROCHUCOS;-13.4942259635; -74.2256614943
VISCHONGO;-13.5537107918; -74.0136910864
CHUSCHI;-13.4931307113; -74.4362054181
BAGUA GRANDE;-5.83884192879; -78.4399998329
VILCABAMBA;-10.5357745737; -76.4479921721
YANAHUANCA;-10.5629051884; -76.5724465417
OXAPAMPA;-10.6504221042; -75.3708211419
VILLA RICA;-10.6341978955; -75.1759141292
HUANCABAMBA;-10.3904930522; -75.6386673998
POZUZO;-10.1327185127; -75.5862719412
HUALMAY;-11.0927777245; -77.6069515185
CACRA;-12.7662258592; -75.7479684802
HUAROS;-11.4013131899; -76.5023985978
CAMPOVERDE;-8.52056708932; -74.8455071414
NUEVA REQUENA;-8.16313254805; -75.0147672818
COPALLIN;-5.64770489666; -78.3997567069
LOMAS;-15.3867619194; -74.9351417037
YAUCA;-15.6335217512; -74.4287684195
APLAO;-16.0272374849; -72.5682329026
HUANCARQUI;-16.0124011753; -72.3681869262
SAN GREGORIO;-7.11798066546; -79.1609783769
ETEN;-6.93048338399; -79.8157880727
SANTA ROSA;-6.88074604367; -79.9042597548
CAUJUL;-10.7564012939; -76.9866870323
PARAMONGA;-10.4864496507; -77.7421659301
SUPE;-10.8096115426; -77.5623061372
SUPE PUERTO;-10.7852466114; -77.7256801903
ABELARDO PARDO LEZAMETA;-10.3099490535; -77.1597589323
COLQUIOC;-10.3013918881; -77.5855342168
MANGAS;-10.3609279446; -77.1047459518
INDEPENDENCIA;-9.47135875601; -77.4847154667
MIRGAS;-9.11603713332; -77.1129242201
CORONGO;-8.54891506345; -77.929033096
COPORAQUE;-15.5913243168; -71.6412266887
HUAMBO;-15.7962503592; -72.1604833177
LARI;-15.4799475721; -71.7604455286
COTAHUASI;-15.2763158225; -72.8614598463
TOMEPAMPA;-15.2132677682; -72.7853030622
QUEQUEÑA;-16.5441753088; -71.4432130304
SAN JUAN DE TARUCANI;-16.193846032; -71.0971199
SANTA ISABEL DE SIGUAS;-16.2676895288; -72.0632250939
SOCABAYA;-16.4736420062; -71.5346798289
JOSE MARIA QUIMPER;-16.596490256; -72.7366062121
MARIANO NICOLAS VALCARCEL;-16.0782627213; -73.136117902
MARISCAL CACERES;-16.4556299046; -72.8322579869
OCOÑA;-16.2779873205; -73.0109214809
ACARI;-15.3416747755; -74.5582430803
WANCHAQ;-13.5316820555; -71.9506764361
PAUCARPATA;-16.4200501582; -71.4779818812
ISLAY;-16.8763346172; -72.1022326181
UCHURACCAY;-12.7845330196; -74.0931800693
INKAWASI;-13.3019398974; -73.2089779468
VILLA VIRGEN;-13.0543891214; -73.3397647189
CHINCHEROS;-13.5186387979; -73.7481770688
HUANCABAMBA;-5.19688581072; -79.4973311446
LA MATANZA;-5.36770193377; -80.0828694769
CATACAOS;-5.47051242321; -80.3651408038
PIURA;-5.08199084822; -80.6585271695
PACAIPAMPA;-4.94645251814; -79.6502829642
FRIAS;-4.92729884507; -79.9710172636
IGNACIO ESCUDERO;-4.82673352891; -80.8856464479
LAGUNAS;-4.78073989716; -79.8538700512
LAS LOMAS;-4.69212944641; -80.2278380101
AYABACA;-4.68662618195; -79.606479703
SUYO;-4.46136687818; -80.0627251906
PARIÑAS;-4.49884875871; -81.0435295353
LOBITOS;-4.40301716545; -81.2024249231
MANCORA;-4.14781563063; -81.0089600105
CHACA;-12.783518718; -74.1915595018
CASTILLO GRANDE;-9.20771972159; -76.0384950685
ECHARATE;-12.4182303928; -72.9831244983
SEPAHUA;-11.0837038326; -72.81384006
PUEBLO NUEVO;-9.08225438424; -76.0014430405
ACHOMA;-15.8221409632; -71.6958446113
CHIGUATA;-16.37562733; -71.3586143302
LA JOYA;-16.5884396711; -71.7957995387
CAPAZO;-17.1098490612; -69.7020166798
PISACOMA;-16.9312611565; -69.4476951421
ANAPIA;-16.3253834983; -68.8788268261
JULI;-16.3287179286; -69.5029258536
LAMPA;-15.3559802739; -70.4109031136
TARACO;-15.3080956351; -69.9275348302
SAMAN;-15.2698483567; -70.0168514236
PUNO;-15.9050030282; -70.0636770662
PAUCARCOLLA;-15.7262883895; -70.067145784
VILQUE;-15.7802167477; -70.2631558049
AMANTANI;-15.7047582248; -69.7004329027
CABANILLAS;-15.8533685267; -70.6224572272
TILALI;-15.4916782872; -69.3420774972
CABANILLA;-15.5693757772; -70.3900899747
JULIACA;-15.4599001974; -70.2154501546
ARAPA;-15.090043996; -70.0846096368
OCUVIRI;-15.1829175236; -70.8501051639
QUILCAPUNCU;-14.8469681789; -69.6393112763
AYAVIRI;-14.9315548368; -70.6057581462
MUÑ‘ANI;-14.6857660871; -69.9802696999
ORURILLO;-14.6862784618; -70.487636518
PATAMBUCO;-14.3101068923; -69.6312350981
NUÑOA;-14.3567967254; -70.6705866666
SANDIA;-14.2919313914; -69.4369604809
QUIACA;-14.4672734928; -69.3561899176
AJOYANI;-14.1740361519; -70.2268919052
ALTO INAMBARI;-14.0319794975; -69.334418669
OLLACHEA;-13.741614339; -70.54126219
PAMPAS;-8.13851485794; -77.7988539285
SANTA ROSA;-8.56845666805; -78.1384429315
PAROBAMBA;-8.61275749051; -77.3953187276
SINGA;-9.36276526526; -76.8357109607
RUPA-RUPA;-9.19038194766; -76.1042733903
MARIAS;-9.54691885854; -76.4235137821
JACAS GRANDE;-9.51519574367; -76.6684109766
DANIEL ALOMIA ROBLES;-9.3604322532; -75.7753868443
ARANCAY;-9.13740978415; -76.7337554887
AMBO;-10.1501387637; -76.1411773301
CAYNA;-10.2152133697; -76.3706018486
TOURNAVISTA;-9.00129838888; -74.8663900684
PERENE;-10.9402818498; -75.075958845
PICHANAQUI;-11.0250297722; -74.868765061
SAN LUIS DE SHUARO;-10.8432802591; -75.2727668878
LEONCIO PRADO;-11.0508092538; -76.918539985
YAUYOS;-12.4725733092; -75.9551074955
ALIS;-12.2887826329; -75.7039648602
CASMA;-9.51815087197; -78.2231984269
BUENA VISTA ALTA;-9.37298777075; -78.1427106762
SAN PEDRO;-10.4747239314; -77.5688713743
COTAPARACO;-9.93755528447; -77.5409313971
YUNGAY;-9.09348643822; -77.6664012208
CASCAPARA;-9.3161270449; -77.8327131911
COLCABAMBA;-9.57632620886; -77.8216400863
SAN NICOLAS;-9.0112057149; -77.1695737325
YURACMARCA;-8.76195032769; -77.741144764
CASCA;-8.82313856981; -77.3876641067
LLAMA;-8.90957089437; -77.2901406786
BOLOGNESI;-8.34272664532; -78.0699624959
HUARI;-9.32314031981; -77.2328958883
CHAVIN DE HUANTAR;-9.65543196246; -77.2117245847
HUACACHI;-9.30853980698; -76.9296321835
HUACCHIS;-9.18856287373; -76.8089206651
HUACHIS;-9.42639030901; -77.0781525583
CONGAS;-10.3193726513; -77.4240816864
HUACASCHUQUE;-8.30283665107; -77.9923662825
LACABAMBA;-8.26580345178; -77.9055317484
QUINUABAMBA;-8.70232582028; -77.343694411
CACERES DEL PERU;-8.96100149899; -78.0764149157
MACATE;-8.77654658859; -78.1219901663
SIHUAS;-8.54029117878; -77.6154348851
CASHAPAMPA;-8.58781106314; -77.6532052907
CHINGALPO;-8.36287610009; -77.6459836403
QUICHES;-8.39597930037; -77.5097555254
HUANCAPON;-10.5216919084; -77.1089326193
MANAS;-10.6123677011; -77.2208086332
CHECRAS;-10.9216977531; -76.8554804127
SANTA LEONOR;-10.9627551559; -76.6712221569
CAJATAMBO;-10.4551401018; -76.9438397487
COPA;-10.3644795714; -77.0233787817
EL PORVENIR;-8.05161326993; -78.9959602748
SAN JUAN DE CUTERVO;-6.17421885061; -78.6000926195
SAN LUIS DE LUCMA;-6.27910059715; -78.5787565626
SOCOTA;-6.28736469896; -78.6967242093
CHIMBAN;-6.28459081573; -78.4481448872
LAJAS;-6.57449322322; -78.7275667131
PION;-6.18419621775; -78.4781817795
SANTA CRUZ;-6.62755648183; -78.9419155826
SAN IGNACIO;-5.14040380526; -79.0078954652
SAN JOSE DEL ALTO;-5.51736702366; -79.0550579899
CHONTALI;-5.63393733123; -79.1333535491
CORRALES;-3.59957712452; -80.503013479
CANOAS DE PUNTA SAL;-4.04098754806; -80.8906845363
ZARUMILLA;-3.46440143513; -80.3013899727
CELENDIN;-6.77494718869; -78.1172774818
CUTERVO;-6.38019911927; -78.8330008953
QUEROCOTILLO;-6.1967862041; -79.0916372078
BAMBAMARCA;-6.69306775044; -78.479500115
CHOTA;-6.55998014391; -78.6427502538
CHADIN;-6.43986488593; -78.412792525
CONCHAN;-6.47060852261; -78.6024505674
NINABAMBA;-6.69573161245; -78.7686888579
LURIGANCHO;-11.9557456873; -76.794207352
SAN BORJA;-12.0975356033; -76.9952627269
SAN MIGUEL;-12.0765987497; -77.0900896423
RIMAC;-12.0235974515; -77.0325879052
INDEPENDENCIA;-11.9874773349; -77.0460084365
SAN ISIDRO;-12.0990010539; -77.0367723891
BARRANCO;-12.1440729975; -77.0208786599
ANDRES AVELINO CACERES DORREGARAY;-13.1545937678; -74.2002008928
MOROCOCHA;-11.544540659; -76.1233240315
HUANUCO;-9.89657095109; -76.2966972451
CHURUBAMBA;-9.68526092849; -76.2657293173
SAN PEDRO DE CHAULAN;-10.0785251899; -76.4218222599
YACUS;-9.94605445522; -76.5112461058
CHUQUIS;-9.64827737133; -76.6323299019
PANAO;-10.1483614233; -75.896738334
CHACABAMBA;-9.90056670741; -76.6321379723
PAMPAMARCA;-9.76588576879; -76.7077540255
QUEROPALCA;-10.1875141175; -76.8658586337
SAN FRANCISCO DE ASIS;-9.97837088591; -76.6275119727
CHAGLLA;-9.73716015095; -75.79755351
SANTA MARIA DEL VALLE;-9.79337577961; -76.3126551596
SILLAPATA;-9.79382586453; -76.7668629183
UMARI;-9.86812743902; -76.0279003042
BAÑOS;-10.1073697476; -76.7838631915
RONDOS;-9.9684919655; -76.7204463127
MONZON;-9.33110709177; -76.3878776176
PUNCHAO;-9.44146126567; -76.8364898305
PUÑOS;-9.50308383346; -76.8968995756
TANTAMAYO;-9.37557251773; -76.6700220973
HUACAYBAMBA;-8.95863902123; -76.8392997078
HONORIA;-8.71386504386; -74.6968413735
ULCUMAYO;-10.9044673659; -75.6839640052
YUYAPICHIS;-9.64737877932; -74.9984863634
CONTAMANA;-7.78115897487; -75.3494034681
PADRE MARQUEZ;-7.87940345424; -74.9143173102
CASPISAPA;-6.92050640789; -76.4220117965
COTABAMBAS;-13.7512825446; -72.3412863374
URANMARCA;-13.6684591326; -73.6525014326
SANTA MARIA DE CHICMO;-13.6611570649; -73.546269545
TAMBURCO;-13.5781368228; -72.8719639032
CAPACMARCA;-14.043833628; -71.9934865584
CHAMACA;-14.3344205815; -71.8769133107
LAYO;-14.5287982228; -71.0919648099
CHECACUPE;-14.0059389457; -71.0667868809
POMACANCHI;-14.0536365003; -71.6238983502
LEONCIO PRADO;-14.6714813213; -74.6157225227
CORCULLA;-15.2618235174; -73.218652534
PAUSA;-15.3207077009; -73.3579318395
PUYUSCA;-15.2820812589; -73.5976263967
OYOLO;-15.0230510294; -73.1185987604
COLTA;-15.1277618502; -73.2505710629
CHUMPI;-15.1058161737; -73.6999284588
SAN FRANCISCO DE RAVACAYCO;-15.0058375731; -73.3631913846
CHAVIÑA;-14.982725166; -73.8836655377
SACSAMARCA;-13.9839754352; -74.2225631174
PACARAOS;-11.1271424248; -76.6648444912
ALLAUCA;-12.6400707043; -76.0383578532
HUAÑ‘EC;-12.2748032971; -76.0794978472
MADEAN;-12.9611396481; -75.6983349945
QUINCHES;-12.3115474665; -76.0917403492
TAURIPAMPA;-12.6831748341; -76.1814440589
LA PUNTA;-12.0716645766; -77.1628314524
CHINCHA ALTA;-13.3245339501; -76.0345542845
EL TAMBO;-11.9719549448; -75.1610884156
PUENTE PIEDRA;-11.8720884594; -77.086768675
SAN MARTIN DE PORRES;-11.9927659685; -77.0885044371
COMAS;-11.9290998645; -77.0389161298
LA MOLINA;-12.0879993406; -76.9258984551
YUPAN;-8.64149072746; -77.970095424
COCHAS;-10.6492560708; -77.4870296822
CUPISNIQUE;-7.37346557564; -79.0665716489
SUCCHA;-9.83800190571; -77.63576165
RAPAYAN;-9.27210926848; -76.7766551605
CULEBRAS;-9.82273390495; -78.103600253
HUAYAN;-9.89748090566; -77.7446252552
CARAZ;-9.02251944214; -77.7497741696
LA MERCED;-9.70305259472; -77.6154230842
ACZO;-9.2201283971; -76.9986208564
CHACCHO;-9.02773894387; -77.072042277
CARHUAZ;-9.29359658533; -77.6396360316
ATAQUERO;-9.29019361037; -77.7292992043
MARCARA;-9.30371350331; -77.4955382355
PARIAHUANCA;-9.35601871006; -77.5741962845
HUARAZ;-9.57041621812; -77.471536956
HUANCHAY;-9.73105653809; -77.8193329843
PARIACOTO;-9.48122860614; -77.7946168834
TARICA;-9.39260674282; -77.4820277823
MATAHUASI;-11.8818464002; -75.357433866
SANTA ROSA DE OCOPA;-11.8699305656; -75.3068454762
PACCHA;-11.8800486006; -75.5334254765
APATA;-11.680674107; -75.272520699
MUQUIYAUYO;-11.8350452836; -75.4593641269
EL MANTARO;-11.8178318325; -75.3915705648
HUAMALI;-11.7896290501; -75.40409053
ATAURA;-11.7954643315; -75.4470942562
LLOCLLAPAMPA;-11.8348413676; -75.6250488417
HUERTAS;-11.7643839294; -75.4667395988
JULCAN;-11.7542554677; -75.4288855127
PACA;-11.6831698128; -75.5284508382
YAULI;-11.6788479625; -75.4713469129
TUNAN MARCA;-11.7068211895; -75.5947375023
HUAY-HUAY;-11.7171368295; -75.9653315533
LA OROYA;-11.605270271; -75.8566873536
HUARICOLCA;-11.5256485847; -75.6169726433
PAMPA HERMOSA;-11.4137620927; -74.8418596426
TAPO;-11.4295625743; -75.528417328
COVIRIALI;-11.3174655957; -74.6514739918
MARCAPOMACOCHA;-11.4048868369; -76.257699559
JUNIN;-11.1888134726; -76.0119235956
IMPERIAL;-13.0330917648; -76.3696196438
SANTA CRUZ DE FLORES;-12.5498910213; -76.6462013441
CARAMPOMA;-11.6397024029; -76.3830419094
CHICLA;-11.6644988302; -76.2437979189
HUACHUPAMPA;-11.6968548593; -76.5957975336
PACHACAMAC;-12.1600011814; -76.8098704964
PUNTA HERMOSA;-12.2692451361; -76.7437450079
SAN PEDRO;-14.9711188456; -74.2079395643
PUQUIO;-14.6763019328; -74.0162820452
OCAÑA;-14.4274631659; -74.8471654957
CHIPAO;-14.4771648414; -73.757417971
SANTA ANA DE HUAYCAHUACHO;-14.2208734562; -73.9256091782
AUCARA;-14.1944628059; -74.153949635
SORAS;-14.2095609455; -73.6909929932
ASQUIPATA;-14.0758176762; -73.9378098713
APONGO;-14.0649574235; -74.0068565926
SANTIAGO DE LUCANAMARCA;-13.8262851305; -74.5329247416
HUAYA;-13.8780299062; -73.979199011
HUANCARAYLLA;-13.749075884; -74.1698708846
COLCA;-13.7148596582; -74.0379326237
PACCARITAMBO;-13.7686710187; -71.9371297742
COLCHA;-13.870942013; -71.8670100228
CHECCA;-14.4916049806; -71.4777304394
QUEHUE;-14.3656903447; -71.4895062723
SICUANI;-14.2510170043; -71.1036090237
COMBAPATA;-14.0881433038; -71.3341537601
MARANGANI;-14.3736330143; -71.0956311777
PITUMARCA;-13.8887914957; -71.1581667814
LUCRE;-13.6449847293; -71.7678278048
QUIQUIJANA;-13.805612474; -71.5331691848
SAN PEDRO;-14.166052711; -71.3328229541
PALLPATA;-14.9073568544; -71.0911155123
SANTO DOMINGO DE CAPILLAS;-13.6712295372; -75.1838166957
CHANGUILLO;-14.8016711742; -75.3343961551
EL INGENIO;-14.6777459579; -75.0071063831
VISTA ALEGRE;-14.9284661611; -74.8280058435
PALPA;-14.4897353571; -75.1315755777
LLIPATA;-14.5946607234; -75.1587275205
LOS AQUIJES;-14.0740320502; -75.6406122642
OCUCAJE;-14.4841072733; -75.7807516794
SAN JUAN BAUTISTA;-13.9735463844; -75.7331355473
RANRACANCHA;-13.5476380081; -73.5963016403
KAQUIABAMBA;-13.5115461168; -73.2794061646
HUACCANA;-13.3195062508; -73.7312117723
SOCOS;-13.261456802; -74.2844271146
MOLLEPATA;-13.463581388; -72.6231610075
CHINCHERO;-13.4093831125; -72.0387779392
LARES;-13.0860066882; -72.0260323587
MARANURA;-12.9375608852; -72.6438218422
SANTA TERESA;-13.2443822665; -72.7329813353
OLLANTAYTAMBO;-13.2364727158; -72.3164185055
YUCAY;-13.2942401693; -72.0732270211
TOTOS;-13.5561668634; -74.5011849185
OCROS;-13.3926172606; -73.9003226615
CHIARA;-13.3757477057; -74.1586261324
SAN JUAN BAUTISTA;-13.1959253274; -74.2120367011
ACOS VINCHOS;-13.1279427823; -74.0556085057
SAN MIGUEL;-13.0360649762; -73.9426500306
CARMEN ALTO;-13.2040877849; -74.2355889241
PISAC;-13.3891385849; -71.8083459144
TARAY;-13.4602192042; -71.8838297169
CAPILLAS;-13.3424479777; -75.6110544412
SANTO TOMAS DE PATA;-13.143553988; -74.4709915745
SECCLLA;-13.0808402896; -74.5415166625
HUACHOCOLPA;-13.0458930575; -74.9570050709
CHUPAMARCA;-12.8940305271; -75.5296557323
CONGALLA;-12.9818036757; -74.5404762488
ACOBAMBA;-12.8233134978; -74.5663956912
MARCAS;-12.8744258763; -74.3977836004
ACORIA;-12.5995765115; -74.8235281193
MANTA;-12.6087651784; -75.1604993112
CONAYCA;-12.5179571651; -75.039817795
VILCA;-12.5330274197; -75.2688789821
CUENCA;-12.4599030284; -75.0558017667
ACRAQUIA;-12.3963805438; -74.9392688319
DANIEL HERNANDEZ;-12.3453389527; -74.8336572807
HUARIBAMBA;-12.2621008551; -74.908894256
SAN MARCOS DE ROCCHAC;-12.0792398208; -74.9488761403
COSME;-12.5705116393; -74.6452413725
LA MERCED;-12.7949007454; -74.3297789432
PACHAMARCA;-12.505340554; -74.4604841211
CHINCHIHUASI;-12.4522617962; -74.5699469992
COLCABAMBA;-12.3851305072; -74.7004625468
ALTO LARAN;-13.3821947316; -75.9390041933
CHAVIN;-13.1202625295; -75.9426672281
CHINCHA BAJA;-13.4966751429; -76.1508533735
EL CARMEN;-13.5121981957; -75.9153825662
SAPALLANGA;-12.1138593519; -75.1397434247
CHONGOS BAJO;-12.1948350154; -75.2844327867
CHAMBARA;-12.0056080019; -75.4364796645
PARIAHUANCA;-11.9521803199; -74.8769777367
SINCOS;-11.9420680168; -75.5131170483
MANZANARES;-12.0018817591; -75.364486184
SAN AGUSTIN;-11.9890120708; -75.2344782832
SAÑ‘O;-11.9506179434; -75.2468843658
ORCOTUNA;-11.9753309661; -75.3282264873
CHACAPAMPA;-12.4104203613; -75.2571328248
CARHUACALLANGA;-12.3554296833; -75.2025810774
CHICCHE;-12.2907534971; -75.2933797622
AHUAC;-12.0819994273; -75.3515546078
SAN JUAN DE JARPA;-12.1234933139; -75.4510172516
YAGUAS;-2.80433167812; -71.0132092002
ROSA PANDURO;-1.55813080211; -73.865997263
CAJARURO;-5.61431277899; -78.1747793764
SAN FRANCISCO DEL YESO;-6.65901990083; -77.8595316616
CHIRIMOTO;-6.54747074451; -77.4200108986
MILPUC;-6.49865853395; -77.4136453278
TINGO;-6.38686537469; -77.9435254594
SAN ISIDRO DE MAINO;-6.35441720956; -77.8225667852
COCHAMAL;-6.38622244082; -77.6654494122
SAN FRANCISCO DE DAGUAS;-6.23223587658; -77.7335752485
CAMPORREDONDO;-6.17779804066; -78.3344798942
LONYA CHICO;-6.20742904986; -78.0123971033
LUYA;-6.17183769053; -77.981194173
HUAYLLAY;-10.9519752823; -76.4254456966
TINYAHUARCO;-10.7605473712; -76.248390568
SIMON BOLIVAR;-10.7265230519; -76.4167994352
TICLACAYAN;-10.5537099545; -76.0338349435
HUARIACA;-10.4517724323; -76.1541120859
SAN PEDRO DE PILLAO;-10.416197884; -76.5359209038
NUEVO PROGRESO;-8.52564280796; -76.2125363105
POLVORA;-8.0156539505; -76.7989804789
PAJARILLO;-7.31517248842; -76.6354709767
JUANJUI;-7.24481666265; -76.7680044827
BAJO BIAVO;-7.18416758424; -76.341377986
SACANCHE;-7.08954699921; -76.7628091542
SAN HILARION;-6.93949231475; -76.4868452871
SHAMBOYACU;-7.05176863055; -76.0945592856
TINGO DE PONASA;-6.97034379704; -76.2121145276
PICOTA;-6.96450203763; -76.3315754019
CHANCAY;-7.4094388201; -78.1173081087
LLACANORA;-7.18959858595; -78.4118423526
LOS BAÑOS DEL INCA;-7.09012326878; -78.4559730242
MAGDALENA;-7.2247260288; -78.6223855657
LUCRE;-13.9158770523; -73.2454539464
CHAPIMARCA;-14.0078060221; -73.0867755793
COLCABAMBA;-13.9769337436; -73.2582588565
COTARUSE;-14.5889200264; -73.2951750482
HAQUIRA;-14.2771699823; -72.2305867589
MAMARA;-14.2120169023; -72.5667955546
SORAYA;-14.1707512154; -73.284007039
CHALLHUAHUACHO;-14.1714371666; -72.3104131334
TAPAIRIHUA;-14.1056199516; -73.1179367355
MARA;-14.0451412755; -72.1153708663
JUSTO APU SAHUARAURA;-14.1304393041; -73.1978175752
CHIARA;-13.8798450624; -73.6155651628
COYLLURQUI;-13.918969775; -72.3952604984
LAMBRAMA;-13.8040203969; -72.7881337059
TURPO;-13.7905942924; -73.4722045934
SAN ANTONIO DE CACHI;-13.7894812733; -73.6575828835
NAMORA;-7.18436416536; -78.284075807
SAN JUAN;-7.27390940981; -78.4819788238
CAJABAMBA;-7.6314506476; -78.0321466487
UTCO;-6.88132432414; -78.0576104037
SAN MIGUEL;-7.0774878173; -78.9223645406
CALQUIS;-6.91373777553; -78.9531135022
SAN SILVESTRE DE COCHAN;-6.93143522302; -78.7252698746
SAN BERNARDINO;-7.17498114303; -78.7856570441
VICTOR LARCO HERRERA;-8.1393501322; -79.0458228276
BOLIVAR;-7.26463580741; -77.7339112042
AGALLPAMPA;-7.94554980835; -78.4640045582
LA CUESTA;-7.90847406057; -78.6849842169
LUCMA;-7.62998054084; -78.5765820035
ANGASMARCA;-8.14569650042; -78.0326567997
SITABAMBA;-8.0262818098; -77.8004602268
LUYA VIEJO;-6.11248856412; -78.1167910998
OLLEROS;-6.00841344466; -77.6709843294
RECTA;-5.93922111946; -77.7753586409
CHISQUILLA;-5.89484726771; -77.7257950125
BAGUA;-5.58091273601; -78.5209827359
IMAZA;-4.9913404276; -78.3895873417
RIO SANTIAGO;-3.81344973198; -77.8881145415
CAPELO;-5.36637331851; -74.1269200093
SAQUENA;-4.79793879034; -73.4051006497
SARAYACU;-6.39059764497; -75.1859081907
BARRANCA;-5.02111581662; -77.1108142459
SANTA ROSA;-6.70534564878; -76.5992185162
BUENOS AIRES;-6.73971460262; -76.3970297864
ALBERTO LEVEAU;-6.68366694527; -76.2601213302
AGUA BLANCA;-6.72417364417; -76.7056692065
ZAPATERO;-6.55012078051; -76.5306833964
SHATOJA;-6.52384560405; -76.6990621772
CUÑ‘UMBUQUI;-6.6156535102; -76.4683664175
CHAZUTA;-6.61796728524; -75.9894908245
ALTO SAPOSOA;-6.60186149919; -76.9631153084
CACATACHI;-6.46781171215; -76.4384114549
HUIMBAYOC;-6.63863333492; -75.7136255556
CAYNARACHI;-6.19532658461; -76.3342373769
BARRANQUITA;-6.30627544181; -76.0487086335
EL PORVENIR;-6.24499797609; -75.8647660843
YORONGOS;-6.17529926485; -77.161718615
JEPELACIO;-6.17353651737; -76.9218024619
CALZADA;-6.01453946653; -77.0957553964
SAN FERNANDO;-5.85896776826; -77.2748920029
PUCARA;-6.03999056091; -79.1236585791
CUJILLO;-6.11675209887; -78.5588565763
LAHUAYTAMBO;-12.0932826824; -76.3918799526
RICARDO PALMA;-11.9378192413; -76.6229148097
SAN MATEO DE OTAO;-11.8405937705; -76.5304316715
SANGALLAYA;-12.2191484953; -76.2627067143
SANTIAGO DE ANCHUCAYA;-12.031918149; -76.199604829
SANTO DOMINGO DE LOS OLLEROS;-12.2613195891; -76.5362049234
CATAHUASI;-12.74278402; -75.8820025816
CHOCOS;-12.9223864219; -75.9240578357
HUANGASCAR;-12.9415582986; -75.821849626
LINCHA;-12.8109440553; -75.6306915404
PUTINZA;-12.6665124898; -75.9227621959
CANTA;-11.4753065958; -76.5822973244
CALANGO;-12.487066049; -76.4546171525
CERRO AZUL;-12.9659036472; -76.4647131909
COAYLLO;-12.6587176209; -76.406722529
NUEVO IMPERIAL;-12.9604959457; -76.2585762873
SAN ANTONIO;-12.6131660134; -76.6741821247
SAN LUIS;-13.0519940414; -76.4237180392
ATAVILLOS ALTO;-11.2774971786; -76.5951710371
AUCALLAMA;-11.5177450119; -77.0499502376
YAUYUCAN;-6.6828598723; -78.8494399313
SANTA ROSA;-5.42773454301; -78.6008461888
CHICLAYO;-6.78283683141; -79.8258256326
CHONGOYAPE;-6.62686237846; -79.4645633568
OYOTUN;-6.77963847331; -79.2768493053
TUMAN;-6.77373246232; -79.6944505306
PITIPO;-6.48622839273; -79.6347601523
JAYANCA;-6.33418180344; -79.8082833519
MOTUPE;-6.16904653707; -79.7078755167
OLMOS;-6.04759907501; -80.0715657814
ILLIMO;-6.46959437833; -79.8533669474
PACORA;-6.43408352031; -79.8799227169
SALAS;-6.15088730377; -79.5379484503
MARCAVELICA;-4.53705144763; -80.7849327198
AMOTAPE;-4.83553478729; -81.0067648824
BERNAL;-5.45775132257; -80.7020029329
EL TALLAN;-5.44129407397; -80.6113698397
CANCHAQUE;-5.31206763234; -79.6258326484
SONDORILLO;-5.39791477638; -79.4602337788
CURA MORI;-5.35759047326; -80.5860497939
SONDOR;-5.40352153514; -79.3624111179
LA UNION;-5.33287313169; -80.8679975416
SAN ANDRES;-13.8043260135; -76.1067640416
SAN CLEMENTE;-13.6421160517; -76.143986748
TUPAC AMARU INCA;-13.7261716663; -76.1103351883
TACNA;-18.1129713482; -70.1686203468
CALANA;-17.9542171908; -70.1462231258
LOCUMBA;-17.6042296966; -70.7330559166
COALAQUE;-16.5758064714; -71.0460888167
LA CAPILLA;-16.8259850314; -71.2938706203
LLOQUE;-16.3035765087; -70.6272478006
PUQUINA;-16.6282949232; -71.1572683382
QUINISTAQUILLAS;-16.7042052871; -70.8798240106
PACHIA;-17.7848033844; -70.0235939629
PALCA;-17.6569374946; -69.7640307241
POCOLLAY;-18.0077242115; -70.0741386827
CAMILACA;-17.165068685; -70.4327437104
TARUCACHI;-17.5018815327; -69.9580478867
CIUDAD NUEVA;-17.8578365426; -70.1903379896
JULCAN;-8.07476764711; -78.4619619835
SANTIAGO DE CAO;-7.92475331239; -79.2177400201
USQUIL;-7.80063520377; -78.3616459122
GUADALUPE;-7.2881373395; -79.487884406
GUADALUPITO;-8.801723956; -78.6497468049
CHUGAY;-7.82233354626; -77.7980907435
CURGOS;-7.84774121564; -77.9534956797
SANAGORAN;-7.79264708165; -78.1756389128
YURUA;-9.82975945475; -72.6985747382
GREGORIO PITA;-7.2220739621; -78.1612444842
JOSE MANUEL QUIROZ;-7.35601693684; -78.0209710547
ASUNCION;-7.3382329129; -78.5271861115
CACHACHI;-7.56770186683; -78.2533285254
CONDEBAMBA;-7.5301245515; -78.0911377252
SITACOCHA;-7.4743924998; -77.9063269576
SUITUCANCHA;-11.8333174196; -75.9781833361
MASMA;-11.7808253418; -75.422018756
TAURIA;-15.4042082082; -73.1726464682
JAQUI;-15.4491015617; -74.3981647291
TAMBO GRANDE;-4.91945260954; -80.330951856
YUNGUYO;-16.2828061505; -69.0901932276
TINICACHI;-16.1979688312; -68.9715154792
ACORA;-16.2873250105; -69.9084522632
PICHIGUA;-14.6793411324; -71.3437551617
SUYCKUTAMBO;-15.0011514976; -71.658226869
TAMBO;-12.9122955128; -74.0230995984
SANTILLANA;-12.6711995573; -74.2420109347
AYNA;-12.7284683251; -73.8908908883
CANAYRE;-12.3406200401; -74.1021148061
CCARHUAYO;-13.5369810301; -71.3439938855
CAMANTI;-13.3423089239; -70.7489180717
SURCUBAMBA;-12.1507253061; -74.6523758733
SAN ANTONIO DE CUSICANCHA;-13.465418413; -75.2376821942
COCAS;-13.274170564; -75.3630878906
PROGRESO;-14.0986837754; -72.4470150609
LAGUNAS;-4.62833596881; -75.9760563682
SANTA CRUZ;-5.65827722338; -75.7490051696
NAUTA;-4.44271761017; -74.1142036928
TIGRE;-2.94373100402; -75.264851828
HEROES ALBARRACIN;-17.4994092708; -70.2145383731
PACANGA;-7.07965485283; -79.4476295332
NEPEÑ‘A;-9.14149277601; -78.3031918642
SAMANCO;-9.27947030479; -78.4424530351
LA ESPERANZA;-8.06341096145; -79.0559436318
SAN JERONIMO;-13.7166324857; -73.2740550895
ANDAHUAYLAS;-13.7683778251; -73.3879123994
SANTIAGO;-13.5731045935; -71.9785576552
YAUTAN;-9.50589951487; -78.0203063568
ANDAMARCA;-11.6963534657; -74.8571869465
ACOLLA;-11.6626625244; -75.5675652991
INAMBARI;-12.9767443442; -69.938844847
HUEPETUHE;-13.0031462504; -70.6520775912
MANU;-12.3620032641; -71.5183667856
MADRE DE DIOS;-12.6295418097; -70.675352468
SANTA MARIA DEL MAR;-12.4087115867; -76.7673087796
ASIA;-12.7967282892; -76.5112380802
SANTIAGO DE CHOCORVOS;-13.8133867212; -75.2149406233
YANQUE;-15.7900972423; -71.4553234369
IRAY;-15.9126432892; -72.6005994779
SANTO DOMINGO;-5.0531475423; -79.9106807866
PUERTO BERMUDEZ;-10.4140280869; -74.6367329439
CONSTITUCION;-9.82583819324; -74.7846259195
MOLLEPATA;-8.14262756027; -77.9420484787
SAN BARTOLO;-12.3693818905; -76.7241442608
HUACHO;-11.2716606505; -77.4927678336
CALETA DE CARQUIN;-11.0879808502; -77.6200225143
SANTA MARIA;-11.1161350227; -77.4732727898
LACHAQUI;-11.5556346957; -76.6115961025
ONGON;-8.20580726939; -77.0924642893
PATAZ;-7.73245254081; -77.5895450001
JAMALCA;-5.95246281961; -78.2349579517
QUICACHA;-15.5673608454; -73.7303800159
AYO;-15.6409572109; -72.2850889018
CHACHAS;-15.1821384744; -72.1161918751
CHILCAYMARCA;-15.3506205276; -72.385275545
MAZAMARI;-11.4938966265; -74.2411399634
